year,importer_country,product_group,trade_value_usd,quantity_kg,supplier_count,avg_price_per_kg,prev_trade_value_usd,prev_quantity_kg,prev_price_per_kg,value_growth_pct,quantity_growth_pct,price_growth_pct,max_supplier_share,supplier_diversification_score,volume_score,value_score,value_growth_score,quantity_growth_score,price_growth_score,supplier_score,opportunity_score,opportunity_level
2020,China,Frozen Atlantic salmon,74064867.0,15459998.0,4,4.790742340328893,,,,0.0,0.0,0.0,0.994970570864591,0.5029429135409047,60.84142394822006,62.7831715210356,49.676375404530745,50.970873786407765,44.82200647249191,6.148867313915858,52.1,Medium
2021,China,Frozen Atlantic salmon,30106702.0,4593663.0,3,6.553964015209648,74064867.0,15459998.0,4.790742340328893,-59.35089979976607,-64.40539809602133,36.80476948296299,0.9634606939013114,3.6539306098688606,46.27831715210356,55.98705501618123,5.501618122977346,2.750809061488673,94.1747572815534,8.090614886731391,32.2,Low
2022,China,Frozen Atlantic salmon,118740745.0,14478397.0,4,8.201235606400349,30106702.0,4593663.0,6.553964015209648,196.8488676835987,161.03728604905345,25.13397368932621,0.989210384354587,1.078961564541303,60.19417475728155,73.7864077669903,97.57281553398059,97.57281553398059,90.29126213592234,6.472491909385113,80.1,High
2023,China,Frozen Atlantic salmon,103640744.0,12793983.0,3,8.10074110619031,118740745.0,14478397.0,8.201235606400349,-12.716781421575213,-11.633981303316935,-1.2253580439953793,0.9961468725079782,0.3853127492021824,58.89967637540453,70.55016181229773,24.919093851132686,27.508090614886733,30.42071197411003,5.825242718446602,41.0,Medium
2024,China,Frozen Atlantic salmon,86719262.0,11992219.0,4,7.231294058255608,103640744.0,12793983.0,8.10074110619031,-16.327055699252796,-6.266727101325678,-10.73293216679027,0.9865438776450842,1.3456122354915778,58.57605177993528,66.99029126213593,23.624595469255663,32.038834951456316,13.915857605177994,7.119741100323624,39.2,Medium
2020,China,Frozen hake,27344364.0,18938090.0,9,1.443881827576065,,,,0.0,0.0,0.0,0.64591672346082,35.408327653918,63.75404530744336,55.016181229773466,49.676375404530745,50.970873786407765,44.82200647249191,36.24595469255664,52.7,Medium
2021,China,Frozen hake,18038840.0,10696903.0,6,1.686360996262189,27344364.0,18938090.0,1.443881827576065,-34.03086647032639,-43.516463381470885,16.79356052933979,0.41401924957480635,58.59807504251937,56.310679611650485,46.601941747572816,11.326860841423949,10.032362459546926,85.76051779935275,64.40129449838187,37.2,Medium
2022,China,Frozen hake,17739768.0,9814337.0,7,1.8075360566893108,18038840.0,10696903.0,1.686360996262189,-1.657933658705327,-8.250668441136655,7.18559434757479,0.43147345557168504,56.85265444283149,54.69255663430421,46.27831715210356,37.2168284789644,30.74433656957929,73.7864077669903,61.81229773462783,46.1,Medium
2023,China,Frozen hake,17304850.0,9805602.0,7,1.764792207556456,17739768.0,9814337.0,1.8075360566893108,-2.451655512067576,-0.08900244611531069,-2.364757758201774,0.5777841472188433,42.22158527811567,54.36893203883495,45.9546925566343,36.24595469255664,39.15857605177994,27.508090614886733,44.336569579288025,41.9,Medium
2024,China,Frozen hake,16523257.0,8752270.0,8,1.8878824579223448,17304850.0,9805602.0,1.764792207556456,-4.516612394791056,-10.742145153352135,6.974772998137865,0.37428002239510044,62.571997760489964,52.75080906148867,44.01294498381877,33.980582524271846,28.155339805825243,73.13915857605178,71.19741100323624,44.4,Medium
2020,China,Frozen mackerel,132845308.0,98267878.0,15,1.351869102129182,,,,0.0,0.0,0.0,0.49277615435239913,50.722384564760084,90.29126213592234,76.05177993527508,49.676375404530745,50.970873786407765,44.82200647249191,54.0453074433657,63.1,Medium-high
2021,China,Frozen mackerel,146652077.0,81272642.0,12,1.8044457937026337,132845308.0,98267878.0,1.351869102129182,10.393117534869955,-17.29480308916409,33.4778486216341,0.7382810473253645,26.17189526746355,86.40776699029125,77.99352750809061,68.28478964401295,21.35922330097087,92.55663430420712,26.21359223300971,64.8,Medium-high
2022,China,Frozen mackerel,182165488.0,90721178.0,14,2.0079709282434584,146652077.0,81272642.0,1.8044457937026337,24.21609821455171,11.625727634152708,11.279093849818626,0.6333020171197302,36.669798288026975,88.3495145631068,84.14239482200647,78.64077669902912,71.19741100323624,78.96440129449837,37.54045307443366,78.2,High
2023,China,Frozen mackerel,104255647.0,53616365.0,13,1.9444743596474696,182165488.0,90721178.0,2.0079709282434584,-42.76871643217073,-40.89983597876121,-3.1622254935500758,0.6689925294885946,33.100747051140544,78.96440129449837,70.87378640776699,9.70873786407767,10.355987055016183,26.21359223300971,34.3042071197411,38.8,Medium
2024,China,Frozen mackerel,161306740.0,71589129.0,13,2.2532295371270687,104255647.0,53616365.0,1.9444743596474696,54.722304874286564,33.521041570050485,15.878593407401679,0.7062227282009419,29.37772717990581,83.81877022653723,81.22977346278317,87.37864077669903,81.22977346278317,85.11326860841424,29.126213592233007,81.1,High
2020,China,Frozen shrimp/prawns,3104147801.0,543794775.0,28,5.7083075154593015,,,,0.0,0.0,0.0,0.5442975587231067,45.57024412768933,97.0873786407767,97.0873786407767,49.676375404530745,50.970873786407765,44.82200647249191,47.249190938511326,68.3,Medium-high
2021,China,Frozen shrimp/prawns,3698468493.0,610128972.0,24,6.0617814638050005,3104147801.0,543794775.0,5.7083075154593015,19.146017847750027,12.198388077561063,6.192272357234031,0.5875098103749076,41.24901896250924,98.38187702265373,97.41100323624595,75.72815533980582,72.168284789644,70.87378640776699,43.36569579288026,81.8,High
2022,China,Frozen shrimp/prawns,5649170794.0,873775462.0,26,6.465243119862297,3698468493.0,610128972.0,6.0617814638050005,52.74351544949067,43.21159985826734,6.655826483788188,0.6270471582771551,37.2952841722845,99.35275080906149,99.35275080906149,87.05501618122977,85.11326860841424,72.168284789644,38.18770226537217,87.7,High
2023,China,Frozen shrimp/prawns,5358280454.0,986940498.0,27,5.429182878662256,5649170794.0,873775462.0,6.465243119862297,-5.149257308859478,12.95127191383637,-16.02507781984397,0.6618972169238382,33.81027830761618,100.0,99.02912621359224,33.00970873786408,73.46278317152104,8.090614886731391,34.95145631067961,65.3,Medium-high
2024,China,Frozen shrimp/prawns,4551816254.0,915650203.0,25,4.971130065921036,5358280454.0,986940498.0,5.429182878662256,-15.050802340851119,-7.223363023856784,-8.436864680713855,0.678555792379751,32.14442076202489,99.67637540453075,97.73462783171522,24.271844660194176,31.06796116504854,16.828478964401295,33.33333333333333,55.1,Medium-high
2020,China,Frozen yellowfin tuna,11980814.0,6007506.0,15,1.9943074547074942,,,,0.0,0.0,0.0,0.39892531509127843,60.107468490872165,48.54368932038835,39.80582524271845,49.676375404530745,50.970873786407765,44.82200647249191,67.63754045307444,48.1,Medium
2021,China,Frozen yellowfin tuna,1303232.0,758648.0,4,1.7178348852168595,11980814.0,6007506.0,1.9943074547074942,-59.72409919783866,-64.40539809602133,-13.86308659871028,0.49331661592103326,50.66833840789668,21.68284789644013,17.15210355987055,2.750809061488673,2.750809061488673,10.355987055016183,53.72168284789643,12.7,Low
2022,China,Frozen yellowfin tuna,1025800.0,286578.0,5,3.579479234274787,1303232.0,758648.0,1.7178348852168595,-21.28799783921819,-62.22516898482564,51.6186715232344,0.641119126535387,35.8880873464613,15.53398058252427,16.181229773462782,19.41747572815534,6.148867313915858,97.57281553398059,36.56957928802589,24.0,Low
2023,China,Frozen yellowfin tuna,22124801.0,8073803.0,13,2.7403196486215977,1025800.0,286578.0,3.579479234274787,196.8488676835987,161.03728604905345,-23.443622122959617,0.30301492881224107,69.6985071187759,52.42718446601942,51.7799352750809,97.57281553398059,97.57281553398059,6.148867313915858,81.55339805825243,69.4,Medium-high
2024,China,Frozen yellowfin tuna,12619623.0,7613296.0,9,1.6575768234940558,22124801.0,8073803.0,2.7403196486215977,-42.961642909240176,-5.703718557413402,-23.98566317396232,0.5476172307207593,45.23827692792407,51.1326860841424,41.10032362459547,9.385113268608414,33.65695792880259,2.750809061488673,46.92556634304207,30.1,Low
2020,Côte d'Ivoire,Frozen Atlantic salmon,3165.52,233.0,1,13.585922746781115,,,,0.0,0.0,0.0,1.0,0.0,0.3236245954692557,1.2944983818770228,49.676375404530745,50.970873786407765,44.82200647249191,2.912621359223301,27.6,Low
2022,Côte d'Ivoire,Frozen Atlantic salmon,28561.86,1343.0,1,21.267207743857035,3165.52,233.0,13.585922746781115,196.8488676835987,161.03728604905345,51.6186715232344,1.0,0.0,2.26537216828479,4.854368932038835,97.57281553398059,97.57281553398059,97.57281553398059,2.912621359223301,55.2,Medium-high
2020,Côte d'Ivoire,Frozen hake,11937994.65,10507250.0,7,1.1361673749078018,,,,0.0,0.0,0.0,0.4871483922134276,51.285160778657236,55.98705501618123,38.51132686084142,49.676375404530745,50.970873786407765,44.82200647249191,55.33980582524271,48.8,Medium
2021,Côte d'Ivoire,Frozen hake,9781473.191,7994420.0,9,1.2235375663275134,11937994.65,10507250.0,1.1361673749078018,-18.064352700978976,-23.915201408551237,7.68990496904574,0.4874045470355775,51.259545296442255,52.103559870550164,36.24595469255664,21.35922330097087,17.15210355987055,74.4336569579288,55.016181229773466,36.6,Medium
2022,Côte d'Ivoire,Frozen hake,9108154.169,6600179.0,13,1.3799859320482066,9781473.191,7994420.0,1.2235375663275134,-6.883615676823869,-17.440177023473876,12.786560055550883,0.40352254131898635,59.64774586810137,49.83818770226537,35.275080906148865,31.06796116504854,21.035598705501616,81.22977346278317,66.01941747572816,40.4,Medium
2023,Côte d'Ivoire,Frozen hake,5550763.314,3960294.0,10,1.4016038491081724,9108154.169,6600179.0,1.3799859320482066,-39.05720949594523,-39.99717280394971,1.5665316984702833,0.2511471540290576,74.88528459709426,42.71844660194174,30.42071197411003,10.355987055016183,10.679611650485436,59.54692556634305,89.32038834951457,29.8,Low
2024,Côte d'Ivoire,Frozen hake,7147446.138,5323637.0,11,1.342587058058241,5550763.314,3960294.0,1.4016038491081724,28.765103710563295,34.4252977177957,-4.210661313999896,0.3896338303543016,61.03661696456983,47.896440129449836,32.362459546925564,80.2588996763754,81.87702265372168,22.97734627831715,69.25566343042071,58.3,Medium-high
2020,Côte d'Ivoire,Frozen mackerel,157314694.28,132255596.0,22,1.1894747673285597,,,,0.0,0.0,0.0,0.3128155762259032,68.71844237740967,92.55663430420712,79.93527508090615,49.676375404530745,50.970873786407765,44.82200647249191,79.6116504854369,65.6,Medium-high
2021,Côte d'Ivoire,Frozen mackerel,186714906.76500002,148741717.0,30,1.2552961639201732,157314694.28,132255596.0,1.1894747673285597,18.688789765990585,12.465348536178386,5.53365219671214,0.2857324527395508,71.42675472604492,94.8220064724919,85.43689320388349,74.75728155339806,72.81553398058253,69.57928802588997,84.46601941747572,80.5,High
2022,Côte d'Ivoire,Frozen mackerel,169988788.845,138450887.0,25,1.2277912588960156,186714906.76500002,148741717.0,1.2552961639201732,-8.958105279216706,-6.918590297031464,-2.191108824730439,0.23983335390532234,76.01666460946777,93.52750809061489,82.84789644012946,29.126213592233007,31.715210355987054,27.831715210355988,90.93851132686083,56.2,Medium-high
2023,Côte d'Ivoire,Frozen mackerel,201947240.098,160087876.0,29,1.2614774156788737,169988788.845,138450887.0,1.2277912588960156,18.800328815884733,15.627916489982475,2.743638752824114,0.23804327100816908,76.1956728991831,95.79288025889967,86.73139158576052,75.40453074433657,75.72815533980582,62.13592233009708,91.9093851132686,81.3,High
2024,Côte d'Ivoire,Frozen mackerel,146611862.321,123541672.0,25,1.1867401496800205,201947240.098,160087876.0,1.2614774156788737,-27.400908153113207,-22.828839330718587,-5.924582166112962,0.21796166914539494,78.2038330854605,91.58576051779936,77.66990291262135,14.563106796116504,17.79935275080906,19.741100323624593,95.14563106796116,47.8,Medium
2020,Côte d'Ivoire,Frozen shrimp/prawns,110741.93,12226.0,6,9.057903647963355,,,,0.0,0.0,0.0,0.4561097138184246,54.38902861815754,5.177993527508091,7.443365695792881,49.676375404530745,50.970873786407765,44.82200647249191,59.22330097087378,32.6,Low
2021,Côte d'Ivoire,Frozen shrimp/prawns,730496.639,151576.0,9,4.819342369504406,110741.93,12226.0,9.057903647963355,196.8488676835987,161.03728604905345,-23.98566317396232,0.5242479863072991,47.57520136927009,12.297734627831716,14.239482200647249,97.57281553398059,97.57281553398059,2.750809061488673,50.48543689320388,52.0,Medium
2022,Côte d'Ivoire,Frozen shrimp/prawns,607598.758,94439.0,8,6.433769502006586,730496.639,151576.0,4.819342369504406,-16.823880417607224,-37.69528157491951,33.49890936817171,0.3990979224483536,60.090207755164634,9.70873786407767,13.268608414239482,23.300970873786408,11.003236245954692,92.88025889967638,67.31391585760518,25.3,Low
2023,Côte d'Ivoire,Frozen shrimp/prawns,818624.84,208195.0,8,3.932010086697567,607598.758,94439.0,6.433769502006586,34.73115756434774,120.45447325787015,-23.98566317396232,0.6357936951925378,36.42063048074622,14.239482200647249,14.886731391585762,84.14239482200647,93.85113268608414,2.750809061488673,37.2168284789644,47.8,Medium
2024,Côte d'Ivoire,Frozen shrimp/prawns,1421885.51,307312.0,9,4.626846690008851,818624.84,208195.0,3.932010086697567,73.69195760050478,47.607771560316046,17.671282321019344,0.8069923280953893,19.300767190461066,16.50485436893204,18.77022653721683,89.32038834951457,86.73139158576052,86.08414239482201,21.35922330097087,56.4,Medium-high
2020,Côte d'Ivoire,Frozen yellowfin tuna,183754.68,212662.0,2,0.8640691802014464,,,,0.0,0.0,0.0,0.9763023178511698,2.369768214883017,14.563106796116504,8.414239482200648,49.676375404530745,50.970873786407765,44.82200647249191,7.766990291262135,32.1,Low
2021,Côte d'Ivoire,Frozen yellowfin tuna,144427.315,147364.0,1,0.9800718967997611,183754.68,212662.0,0.8640691802014464,-21.402102520599744,-30.705062493534342,13.425165398361996,1.0,0.0,11.650485436893204,8.090614886731391,19.093851132686083,14.239482200647249,82.20064724919094,2.912621359223301,19.9,Low
2022,Côte d'Ivoire,Frozen yellowfin tuna,140639.272,170670.0,1,0.824042139801957,144427.315,147364.0,0.9800718967997611,-2.6228023417869433,15.815260172090879,-15.920235801811048,1.0,0.0,12.944983818770226,7.766990291262135,35.59870550161812,76.05177993527508,8.414239482200648,2.912621359223301,29.2,Low
2023,Côte d'Ivoire,Frozen yellowfin tuna,602457.895,459225.0,4,1.3119013446567587,140639.272,170670.0,0.824042139801957,196.8488676835987,161.03728604905345,51.6186715232344,0.5926868034487289,40.73131965512711,19.741100323624593,12.944983818770226,97.57281553398059,97.57281553398059,97.57281553398059,42.71844660194174,62.3,Medium-high
2024,Côte d'Ivoire,Frozen yellowfin tuna,21766945.485,9735035.0,8,2.2359391091043843,602457.895,459225.0,1.3119013446567587,196.8488676835987,161.03728604905345,51.6186715232344,0.7845487174012648,21.545128259873525,54.0453074433657,49.83818770226537,97.57281553398059,97.57281553398059,97.57281553398059,22.97734627831715,75.6,High
2020,Egypt,Frozen Atlantic salmon,1110128.0550000002,230377.65,2,4.818731569663985,,,,0.0,0.0,0.0,0.5943047561301384,40.56952438698615,15.210355987055015,16.50485436893204,49.676375404530745,50.970873786407765,44.82200647249191,42.394822006472495,35.6,Medium
2021,Egypt,Frozen Atlantic salmon,2645828.647,428205.36600000004,3,6.178877840124964,1110128.0550000002,230377.65,4.818731569663985,138.33544563469297,85.87105389780652,28.226230301428135,0.948762502381357,5.123749761864305,19.41747572815534,23.300970873786408,94.1747572815534,91.9093851132686,91.58576051779936,9.385113268608414,60.1,Medium-high
2022,Egypt,Frozen Atlantic salmon,11950149.364,1561976.4,3,7.650659359514011,2645828.647,428205.36600000004,6.178877840124964,196.8488676835987,161.03728604905345,23.81956007984907,0.9466947660153112,5.330523398468879,28.802588996763756,39.15857605177994,97.57281553398059,97.57281553398059,89.96763754045307,9.70873786407767,67.0,Medium-high
2023,Egypt,Frozen Atlantic salmon,11690569.292,1400541.7550000001,3,8.347176548120837,11950149.364,1561976.4,7.650659359514011,-2.1721910253439125,-10.335280673894932,9.104015168845143,0.8867098631453029,11.329013685469713,26.21359223300971,37.86407766990291,36.56957928802589,28.478964401294498,76.69902912621359,14.563106796116504,36.1,Medium
2024,Egypt,Frozen Atlantic salmon,12988289.195,1574012.875,2,8.25170454530113,11690569.292,1400541.7550000001,8.347176548120837,11.100570644477054,12.386001301332131,-1.1437640293016138,0.9568745112161786,4.312548878382138,29.126213592233007,41.42394822006473,69.90291262135922,72.49190938511327,31.06796116504854,8.414239482200648,49.6,Medium
2023,Egypt,Frozen hake,35856.211,15825.291,1,2.2657536597589267,,,,0.0,0.0,0.0,1.0,0.0,5.501618122977346,5.177993527508091,49.676375404530745,50.970873786407765,44.82200647249191,2.912621359223301,29.4,Low
2024,Egypt,Frozen hake,73113.742,29348.989,1,2.491184347099656,35856.211,15825.291,2.2657536597589267,103.90816531060682,85.45623584425717,9.949479122311779,1.0,0.0,7.119741100323624,6.472491909385113,92.88025889967638,91.58576051779936,77.66990291262135,2.912621359223301,52.2,Medium
2020,Egypt,Frozen mackerel,209331049.486,116937396.881,23,1.7901121033079208,,,,0.0,0.0,0.0,0.2594366646245287,74.05633353754712,91.2621359223301,87.37864077669903,49.676375404530745,50.970873786407765,44.82200647249191,88.02588996763754,67.2,Medium-high
2021,Egypt,Frozen mackerel,138141700.796,76967909.891,16,1.7947960519082924,209331049.486,116937396.881,1.7901121033079208,-34.00802167896317,-34.180243494452405,0.26165671924770423,0.4031379039500906,59.686209604990935,85.11326860841424,77.02265372168284,11.650485436893204,12.62135922330097,57.28155339805825,66.66666666666666,46.9,Medium
2022,Egypt,Frozen mackerel,99738547.477,50544601.928,15,1.9732779302342909,138141700.796,76967909.891,1.7947960519082924,-27.799826625641195,-34.33029167664812,9.944410014510009,0.277321067567967,72.2678932432033,77.66990291262135,69.57928802588997,13.592233009708737,12.297734627831716,77.34627831715211,86.08414239482201,47.3,Medium
2023,Egypt,Frozen mackerel,111473940.689,55863409.522,19,1.9954732738806353,99738547.477,50544601.928,1.9732779302342909,11.766156124046436,10.522998284913896,1.1247956157756835,0.23079067914873397,76.92093208512661,79.28802588996764,72.168284789644,70.22653721682848,70.22653721682848,57.60517799352751,93.52750809061489,72.3,Medium-high
2024,Egypt,Frozen mackerel,132416730.552,59354689.009,24,2.230939674065541,111473940.689,55863409.522,1.9954732738806353,18.787162034065055,6.249671326675962,11.800027756171826,0.2383677785988295,76.16322214011704,79.93527508090615,75.72815533980582,75.08090614886731,67.96116504854369,80.2588996763754,91.58576051779936,76.1,High
2020,Egypt,Frozen shrimp/prawns,163513221.449,19304994.711,8,8.469995661580267,,,,0.0,0.0,0.0,0.847362325175738,15.263767482426205,64.40129449838187,82.52427184466019,49.676375404530745,50.970873786407765,44.82200647249191,17.79935275080906,57.4,Medium-high
2021,Egypt,Frozen shrimp/prawns,161546929.00300002,18147789.993,9,8.901741152245657,163513221.449,19304994.711,8.469995661580267,-1.2025281066419875,-5.9943280758353295,5.097351969420473,0.8452836385052181,15.471636149478185,63.10679611650486,81.55339805825243,37.86407766990291,32.362459546925564,68.6084142394822,18.12297734627832,52.6,Medium
2022,Egypt,Frozen shrimp/prawns,162285483.53,17691458.32,8,9.173098146834963,161546929.00300002,18147789.993,8.901741152245657,0.45717645736630796,-2.5145302715979057,3.0483586294895835,0.8886547676541898,11.134523234581017,62.7831715210356,81.87702265372168,61.165048543689316,37.2168284789644,62.7831715210356,14.239482200647249,58.7,Medium-high
2023,Egypt,Frozen shrimp/prawns,119628131.365,14665883.865,6,8.156898859024205,162285483.53,17691458.32,9.173098146834963,-26.28537761796445,-17.101894034250538,-11.07803788364984,0.9258505193737797,7.414948062622029,60.517799352750814,74.11003236245955,15.210355987055015,21.68284789644013,13.268608414239482,11.974110032362459,37.0,Medium
2024,Egypt,Frozen shrimp/prawns,115732863.28199999,15484075.715,7,7.474315252145484,119628131.365,14665883.865,8.156898859024205,-3.2561472277077264,5.5788785560521665,-8.368175438678628,0.84802944340758,15.197055659241999,61.165048543689316,73.46278317152104,34.627831715210355,66.99029126213593,17.15210355987055,17.475728155339805,51.6,Medium
2022,Egypt,Frozen yellowfin tuna,5830.64,2523.594,1,2.310450888692872,,,,0.0,0.0,0.0,1.0,0.0,2.912621359223301,1.6181229773462782,49.676375404530745,50.970873786407765,44.82200647249191,2.912621359223301,28.1,Low
2023,Egypt,Frozen yellowfin tuna,1500.0,542.704,1,2.76393761608538,5830.64,2523.594,2.310450888692872,-59.72409919783866,-64.40539809602133,19.627628945147848,1.0,0.0,1.2944983818770228,0.3236245954692557,2.750809061488673,2.750809061488673,87.70226537216828,2.912621359223301,10.5,Low
2020,Germany,Frozen Atlantic salmon,24005506.178,2657318.126,11,9.033734404293902,,,,0.0,0.0,0.0,0.48616280441924536,51.383719558075455,37.86407766990291,53.398058252427184,49.676375404530745,50.970873786407765,44.82200647249191,56.310679611650485,48.2,Medium
2021,Germany,Frozen Atlantic salmon,21902749.566,2284872.246,15,9.585984338662234,24005506.178,2657318.126,9.033734404293902,-8.759476248524535,-14.015855924658693,6.113196488329756,0.5393302326908411,46.06697673091589,35.92233009708738,50.48543689320388,29.449838187702266,25.24271844660194,70.55016181229773,48.54368932038835,39.2,Medium
2022,Germany,Frozen Atlantic salmon,26449357.345,2588990.622,12,10.216088509647756,21902749.566,2284872.246,9.585984338662234,20.758159907273804,13.310082282823624,6.5731817278710025,0.6838798852864907,31.612011471350932,36.89320388349515,54.69255663430421,76.37540453074433,73.7864077669903,71.52103559870551,31.3915857605178,60.9,Medium-high
2023,Germany,Frozen Atlantic salmon,18619948.66,1791609.315,13,10.392862162585931,26449357.345,2588990.622,10.216088509647756,-29.601508206323484,-30.798926045704313,1.730345746038083,0.29552424942078226,70.44757505792177,31.06796116504854,47.57281553398058,12.944983818770226,13.915857605177994,59.8705501618123,82.84789644012946,31.9,Low
2024,Germany,Frozen Atlantic salmon,35266372.491,2668623.0,13,13.215194686922805,18619948.66,1791609.315,10.392862162585931,89.40101895533367,48.95116796152626,27.15645103518458,0.4427931691864577,55.720683081354224,38.51132686084142,57.60517799352751,91.2621359223301,87.37864077669903,91.2621359223301,60.19417475728155,71.7,Medium-high
2020,Germany,Frozen hake,1347225.409,537749.0,13,2.5053052799726268,,,,0.0,0.0,0.0,0.21078174454175544,78.92182554582445,20.388349514563107,17.475728155339805,49.676375404530745,50.970873786407765,44.82200647249191,96.44012944983818,39.5,Medium
2021,Germany,Frozen hake,1629451.483,567666.234,17,2.870439327557397,1347225.409,537749.0,2.5053052799726268,20.948689960463774,5.563419736717326,14.57443332370096,0.13400584815080377,86.59941518491962,20.711974110032365,20.388349514563107,76.69902912621359,66.66666666666666,83.1715210355987,99.67637540453075,54.0,Medium
2022,Germany,Frozen hake,3173542.447,840968.561,21,3.773675490587097,1629451.483,567666.234,2.870439327557397,94.76139548243304,48.1448975878315,31.46682650137426,0.298784279975947,70.1215720024053,22.330097087378643,24.59546925566343,92.23300970873787,87.05501618122977,92.23300970873787,82.20064724919094,63.2,Medium-high
2023,Germany,Frozen hake,2421214.724,840516.378,17,2.880627656252523,3173542.447,840968.561,3.773675490587097,-23.70624422279864,-0.053769310883901265,-23.665199526619507,0.1983967944843871,80.1603205515613,22.006472491909385,22.653721682847898,17.15210355987055,39.482200647249186,5.825242718446602,97.41100323624595,26.6,Low
2024,Germany,Frozen hake,2297282.557,722802.88,19,3.1782974591910866,2421214.724,840516.378,2.880627656252523,-5.118594636466447,-14.004902353015186,10.333505001677631,0.2892121380434962,71.07878619565038,21.35922330097087,22.006472491909385,33.65695792880259,25.5663430420712,77.99352750809061,84.14239482200647,34.2,Low
2020,Germany,Frozen mackerel,22043376.572,11455582.0,19,1.924247635083054,,,,0.0,0.0,0.0,0.3103375221874788,68.96624778125212,56.957928802588995,51.1326860841424,49.676375404530745,50.970873786407765,44.82200647249191,79.93527508090615,52.7,Medium
2021,Germany,Frozen mackerel,12275328.686,6128999.59,22,2.0028274607863046,22043376.572,11455582.0,1.924247635083054,-44.31284768962119,-46.497702255546685,4.083664922880832,0.32743782613203093,67.2562173867969,49.51456310679612,40.77669902912621,8.737864077669903,8.737864077669903,66.34304207119742,77.02265372168284,32.5,Low
2022,Germany,Frozen mackerel,23716191.839,15528900.0,18,1.52722934908461,12275328.686,6128999.59,2.0028274607863046,93.2020921447773,153.36761362061048,-23.746334670035733,0.4417678453659265,55.82321546340735,61.48867313915858,53.07443365695793,91.9093851132686,94.49838187702265,5.501618122977346,60.517799352750814,68.4,Medium-high
2023,Germany,Frozen mackerel,9492904.109,4129554.474,21,2.2987719786161125,23716191.839,15528900.0,1.52722934908461,-59.72409919783866,-64.40539809602133,50.519107034837255,0.4009091674476958,59.90908325523042,44.01294498381877,35.59870550161812,2.750809061488673,2.750809061488673,94.8220064724919,66.99029126213593,30.0,Low
2024,Germany,Frozen mackerel,12186678.319,6045033.52,22,2.0159819261018757,9492904.109,4129554.474,2.2987719786161125,28.376713585952025,46.38464168616751,-12.301787873909953,0.5684068397210641,43.15931602789359,48.86731391585761,40.45307443365696,79.93527508090615,86.40776699029125,11.326860841423949,44.66019417475729,58.5,Medium-high
2020,Germany,Frozen shrimp/prawns,366149146.284,37866610.009,45,9.66944614785889,,,,0.0,0.0,0.0,0.21317374521326524,78.68262547867347,72.49190938511327,90.93851132686083,49.676375404530745,50.970873786407765,44.82200647249191,95.79288025889967,64.6,Medium-high
2021,Germany,Frozen shrimp/prawns,384704801.765,35711300.072,51,10.77263501999004,366149146.284,37866610.009,9.66944614785889,5.0677860837090405,-5.691848138736845,11.409018213265798,0.24523366957511986,75.47663304248802,71.84466019417476,91.2621359223301,66.34304207119742,33.980582524271846,79.28802588996764,90.29126213592234,68.4,Medium-high
2022,Germany,Frozen shrimp/prawns,453627877.273,40994080.085,45,11.065692322706502,384704801.765,35711300.072,10.77263501999004,17.915834476665104,14.793020703108063,2.7203864437313285,0.25501765514816493,74.49823448518352,73.7864077669903,92.88025889967638,74.4336569579288,74.75728155339806,61.81229773462783,88.67313915857605,77.5,High
2023,Germany,Frozen shrimp/prawns,344443271.589,34508194.707,48,9.981492063365735,453627877.273,40994080.085,11.065692322706502,-24.069201024497687,-15.821517069176108,-9.797852928876551,0.23742004989309137,76.25799501069086,71.52103559870551,89.96763754045307,16.50485436893204,22.97734627831715,15.210355987055015,92.55663430420712,47.2,Medium
2024,Germany,Frozen shrimp/prawns,308831399.744,34077183.67,46,9.062703148672497,344443271.589,34508194.707,9.981492063365735,-10.338965740487193,-1.2490106789404714,-9.204925564840096,0.2243635021226373,77.56364978773627,71.19741100323624,89.64401294498381,27.508090614886733,38.18770226537217,15.857605177993527,94.8220064724919,53.0,Medium
2020,Germany,Frozen yellowfin tuna,13828.419,1685.0,3,8.206776854599406,,,,0.0,0.0,0.0,0.4631465824111925,53.68534175888075,2.5889967637540456,3.2362459546925564,49.676375404530745,50.970873786407765,44.82200647249191,58.252427184466015,31.2,Low
2021,Germany,Frozen yellowfin tuna,16846.031,2835.0,3,5.942162610229277,13828.419,1685.0,8.206776854599406,21.8218149160797,68.24925816023739,-23.98566317396232,0.4642506593986441,53.57493406013558,3.2362459546925564,3.559870550161812,77.34627831715211,90.61488673139159,2.750809061488673,57.92880258899677,42.0,Medium
2022,Germany,Frozen yellowfin tuna,88053.363,4981.0,6,17.67784842401124,16846.031,2835.0,5.942162610229277,196.8488676835987,75.69664902998237,51.6186715232344,0.2768137430480651,72.31862569519349,4.53074433656958,6.796116504854369,97.57281553398059,90.93851132686083,97.57281553398059,86.40776699029125,58.9,Medium-high
2023,Germany,Frozen yellowfin tuna,417949.985,25048.0,9,16.685962352283614,88053.363,4981.0,17.67784842401124,196.8488676835987,161.03728604905345,-5.610898158739619,0.31425940355040327,68.57405964495968,5.825242718446602,11.326860841423949,97.57281553398059,97.57281553398059,21.035598705501616,79.28802588996764,53.4,Medium
2024,Germany,Frozen yellowfin tuna,458182.29500000004,65887.0,6,6.954062182221076,417949.985,25048.0,16.685962352283614,9.626106339015674,161.03728604905345,-23.98566317396232,0.39568758325766384,60.43124167423362,9.06148867313916,12.297734627831716,67.96116504854369,97.57281553398059,2.750809061488673,67.96116504854369,44.4,Medium
2021,Ghana,Frozen Atlantic salmon,27987.624,25475.17,3,1.0986236401955316,,,,0.0,0.0,0.0,0.8722239872880956,12.777601271190441,6.148867313915858,4.53074433656958,49.676375404530745,50.970873786407765,44.82200647249191,15.857605177993527,30.0,Low
2022,Ghana,Frozen Atlantic salmon,1798.402,378.8,1,4.747629355860613,27987.624,25475.17,1.0986236401955316,-59.72409919783866,-64.40539809602133,51.6186715232344,1.0,0.0,0.6472491909385114,0.6472491909385114,2.750809061488673,2.750809061488673,97.57281553398059,2.912621359223301,11.4,Low
2023,Ghana,Frozen Atlantic salmon,2806.966,484.5,1,5.7935314757481935,1798.402,378.8,4.747629355860613,56.081120906226744,27.9039070749736,22.02998678901689,1.0,0.0,0.9708737864077669,0.9708737864077669,88.02588996763754,79.6116504854369,88.9967637540453,2.912621359223301,47.4,Medium
2021,Ghana,Frozen hake,7473992.261999999,7634239.28,12,0.9790094320962912,,,,0.0,0.0,0.0,0.7110017897687784,28.899821023122165,51.45631067961165,33.00970873786408,49.676375404530745,50.970873786407765,44.82200647249191,28.802588996763756,45.4,Medium
2022,Ghana,Frozen hake,5240635.375,4999777.05,9,1.0481738130703249,7473992.261999999,7634239.28,0.9790094320962912,-29.881712593616804,-34.508510060743085,7.0647308091747725,0.5091248158053736,49.08751841946264,46.601941747572816,29.773462783171524,12.62135922330097,11.974110032362459,73.46278317152104,51.7799352750809,30.8,Low
2023,Ghana,Frozen hake,1236911.681,1195747.0699999998,12,1.0344258514469957,5240635.375,4999777.05,1.0481738130703249,-59.72409919783866,-64.40539809602133,-1.311610865669161,0.4935935971648407,50.640640283515935,24.59546925566343,16.828478964401295,2.750809061488673,2.750809061488673,29.773462783171524,53.07443365695793,15.2,Low
2021,Ghana,Frozen mackerel,111228113.608,104357465.5,37,1.065837629105701,,,,0.0,0.0,0.0,0.32640456938747153,67.35954306125285,90.61488673139159,71.84466019417476,49.676375404530745,50.970873786407765,44.82200647249191,77.66990291262135,63.5,Medium-high
2022,Ghana,Frozen mackerel,84643626.46700001,86779833.0,36,0.9753836063155366,111228113.608,104357465.5,1.065837629105701,-23.900870273401743,-16.843675165721613,-8.486660662005391,0.30518053689572194,69.48194631042782,86.73139158576052,66.66666666666666,16.828478964401295,22.006472491909385,16.50485436893204,80.90614886731392,45.0,Medium
2023,Ghana,Frozen mackerel,78682298.014,106464749.31,47,0.7390455387716725,84643626.46700001,86779833.0,0.9753836063155366,-7.042855678358903,22.683745323639886,-23.98566317396232,0.2561084681768507,74.38915318231494,90.93851132686083,65.37216828478964,30.74433656957929,78.64077669902912,2.750809061488673,88.3495145631068,59.4,Medium-high
2021,Ghana,Frozen shrimp/prawns,265988.623,97415.66,6,2.7304503505904494,,,,0.0,0.0,0.0,0.45519978499230773,54.480021500769226,10.032362459546926,10.355987055016183,49.676375404530745,50.970873786407765,44.82200647249191,59.54692556634305,34.2,Low
2022,Ghana,Frozen shrimp/prawns,461973.537,181222.324,9,2.549208766354856,265988.623,97415.66,2.7304503505904494,73.6816905135074,86.02997095128235,-6.637790875648057,0.44350431050772504,55.6495689492275,13.592233009708737,12.62135922330097,88.9967637540453,92.23300970873787,19.093851132686083,59.8705501618123,50.8,Medium
2023,Ghana,Frozen shrimp/prawns,64372.309,31486.1,4,2.0444675269404597,461973.537,181222.324,2.549208766354856,-59.72409919783866,-64.40539809602133,-19.799917765704684,0.4867635088248893,51.323649117511074,7.443365695792881,6.148867313915858,2.750809061488673,2.750809061488673,7.443365695792881,55.98705501618123,7.5,Low
2021,Ghana,Frozen yellowfin tuna,30623645.496,19205845.0,9,1.5944961284442314,,,,0.0,0.0,0.0,0.3561912455009566,64.38087544990434,64.07766990291263,56.310679611650485,49.676375404530745,50.970873786407765,44.82200647249191,73.46278317152104,54.8,Medium
2022,Ghana,Frozen yellowfin tuna,22110452.272,9023661.55,8,2.4502749964065305,30623645.496,19205845.0,1.5944961284442314,-27.79941148780597,-53.01606594242534,51.6186715232344,0.4224989885815213,57.750101141847864,53.398058252427184,51.45631067961165,13.915857605177994,6.796116504854369,97.57281553398059,63.43042071197411,38.7,Medium
2023,Ghana,Frozen yellowfin tuna,7836124.990999999,3347579.0,10,2.3408334772681987,22110452.272,9023661.55,2.4502749964065305,-59.72409919783866,-62.902210134421544,-4.466499445932969,0.3398966364190298,66.01033635809702,41.10032362459547,33.980582524271846,2.750809061488673,5.825242718446602,22.653721682847898,76.05177993527508,22.9,Low
2020,Japan,Frozen Atlantic salmon,7616807.956,1576117.0,4,4.832641203666987,,,,0.0,0.0,0.0,0.42732501302413034,57.26749869758696,29.449838187702266,33.33333333333333,49.676375404530745,50.970873786407765,44.82200647249191,62.45954692556634,42.8,Medium
2021,Japan,Frozen Atlantic salmon,10102016.436,1531528.0,4,6.596037706134005,7616807.956,1576117.0,4.832641203666987,32.62795247505647,-2.8290412450344737,36.48929080704276,0.48707588155026826,51.292411844973174,28.478964401294498,36.89320388349515,82.84789644012946,36.56957928802589,93.85113268608414,55.663430420711975,53.3,Medium
2022,Japan,Frozen Atlantic salmon,10617488.16,1402912.0,4,7.568178303414612,10102016.436,1531528.0,6.596037706134005,5.102661703885585,-8.397887599834936,14.738251062096897,0.493873999102251,50.61260008977491,26.537216828478964,37.54045307443366,66.66666666666666,30.42071197411003,83.81877022653723,52.75080906148867,46.6,Medium
2023,Japan,Frozen Atlantic salmon,12108937.455,1620702.0,5,7.471415136774064,10617488.16,1402912.0,7.568178303414612,14.047101089491584,15.524138363632217,-1.2785529457847222,0.5078562191648549,49.21437808351451,30.42071197411003,40.1294498381877,71.84466019417476,75.40453074433657,30.097087378640776,52.103559870550164,52.8,Medium
2024,Japan,Frozen Atlantic salmon,7828115.885,883046.0,5,8.864901584968393,12108937.455,1620702.0,7.471415136774064,-35.352578092905844,-45.51459799518974,18.650903780404782,0.6715269390777548,32.847306092224514,22.653721682847898,33.65695792880259,10.679611650485436,9.385113268608414,87.05501618122977,33.980582524271846,26.2,Low
2020,Japan,Frozen hake,941201.7959999999,204825.0,3,4.595150963017209,,,,0.0,0.0,0.0,0.8238045478612751,17.619545213872488,13.915857605177994,15.53398058252427,49.676375404530745,50.970873786407765,44.82200647249191,19.741100323624593,34.0,Low
2021,Japan,Frozen hake,1460187.147,307880.0,1,4.742715171495388,941201.7959999999,204825.0,4.595150963017209,55.14070980374546,50.313682411814966,3.2113027333771647,1.0,0.0,16.828478964401295,19.41747572815534,87.70226537216828,87.70226537216828,64.40129449838187,2.912621359223301,53.3,Medium
2022,Japan,Frozen hake,1479245.199,331012.0,2,4.468856715164405,1460187.147,307880.0,4.742715171495388,1.305178725833553,7.51331687670521,-5.774296925460005,0.929507809070131,7.0492190929869025,18.12297734627832,19.741100323624593,62.45954692556634,68.93203883495146,20.711974110032365,11.003236245954692,39.6,Medium
2023,Japan,Frozen hake,1359906.5629999998,326836.0,2,4.160822440000489,1479245.199,331012.0,4.468856715164405,-8.067535800060432,-1.261585682694283,-6.892910084108246,0.9823087595467396,1.7691240453260426,17.79935275080906,18.12297734627832,30.42071197411003,37.86407766990291,18.77022653721683,7.443365695792881,24.6,Low
2024,Japan,Frozen hake,665055.529,176241.0,3,3.773557395838653,1359906.5629999998,326836.0,4.160822440000489,-51.095498242698014,-46.076625585920766,-9.307415775276166,0.9873642806749751,1.263571932502494,13.268608414239482,13.915857605177994,7.443365695792881,9.06148867313916,15.53398058252427,6.796116504854369,11.0,Low
2020,Japan,Frozen mackerel,119878967.144,52513625.0,10,2.2828164527586887,,,,0.0,0.0,0.0,0.8762804066105744,12.371959338942562,78.31715210355988,74.4336569579288,49.676375404530745,50.970873786407765,44.82200647249191,15.53398058252427,58.4,Medium-high
2021,Japan,Frozen mackerel,150847367.467,73532106.0,9,2.0514490291764527,119878967.144,52513625.0,2.2828164527586887,25.83305567339466,40.02481451242416,-10.13517417498188,0.9004382415603935,9.956175843960647,84.46601941747572,78.64077669902912,78.96440129449837,84.14239482200647,14.886731391585762,13.592233009708737,71.4,Medium-high
2022,Japan,Frozen mackerel,144088975.312,62352657.0,10,2.3108714567207618,150847367.467,73532106.0,2.0514490291764527,-4.480285117656094,-15.203493559670383,12.645813951734075,0.8173318253738183,18.266817462618167,80.2588996763754,77.34627831715211,34.3042071197411,24.59546925566343,80.90614886731392,20.388349514563107,54.1,Medium
2023,Japan,Frozen mackerel,183798210.547,77084048.0,12,2.3843871114163595,144088975.312,62352657.0,2.3108714567207618,27.558829639128486,23.625923430977448,3.181295717760087,0.7393990963652405,26.06009036347595,85.43689320388349,84.78964401294499,79.6116504854369,78.96440129449837,64.07766990291263,25.88996763754045,77.4,High
2024,Japan,Frozen mackerel,174389792.236,67613698.0,13,2.5792080213686877,183798210.547,77084048.0,2.3843871114163595,-5.11888460883253,-12.285745553995815,8.170691286642704,0.7358627518366235,26.41372481633765,81.55339805825243,83.1715210355987,33.33333333333333,26.537216828478964,76.05177993527508,26.860841423948216,55.5,Medium-high
2020,Japan,Frozen shrimp/prawns,1313513173.772,137122700.0,33,9.57910815475483,,,,0.0,0.0,0.0,0.24363064897478354,75.63693510252165,92.88025889967638,95.79288025889967,49.676375404530745,50.970873786407765,44.82200647249191,90.61488673139159,69.4,Medium-high
2021,Japan,Frozen shrimp/prawns,1456474595.5740001,146295671.0,33,9.95569168669386,1313513173.772,137122700.0,9.57910815475483,10.88389706754592,6.689607920497481,3.931300553821443,0.2484035188217041,75.15964811782959,94.49838187702265,96.44012944983818,68.93203883495146,68.28478964401295,65.37216828478964,89.64401294498381,80.1,High
2022,Japan,Frozen shrimp/prawns,1490646637.441,144188957.0,31,10.338147029116799,1456474595.5740001,146295671.0,9.95569168669386,2.3462161283721246,-1.4400385094101658,3.8415747941863603,0.22590746443845147,77.40925355615485,93.85113268608414,96.76375404530745,63.43042071197411,37.54045307443366,65.0485436893204,94.49838187702265,72.7,Medium-high
2023,Japan,Frozen shrimp/prawns,1176326238.277,129547624.0,32,9.080261003297135,1490646637.441,144188957.0,10.338147029116799,-21.08617772107247,-10.154267916647736,-12.167422481774537,0.23847733481393432,76.15226651860657,92.23300970873787,94.8220064724919,19.741100323624593,29.126213592233007,11.650485436893204,91.2621359223301,53.9,Medium
2024,Japan,Frozen shrimp/prawns,1221946993.816,145117274.0,28,8.42041033527132,1176326238.277,129547624.0,9.080261003297135,3.8782400710386353,12.018475923572321,-7.266868956588541,0.23311720289226684,76.68827971077332,94.1747572815534,95.46925566343042,65.37216828478964,71.52103559870551,18.446601941747574,93.20388349514563,75.1,High
2020,Japan,Frozen yellowfin tuna,105656390.324,28722393.0,27,3.6785371721638933,,,,0.0,0.0,0.0,0.3543511096601941,64.56488903398059,69.25566343042071,71.19741100323624,49.676375404530745,50.970873786407765,44.82200647249191,74.4336569579288,58.9,Medium-high
2021,Japan,Frozen yellowfin tuna,98864533.721,24866287.0,27,3.9758462419821665,105656390.324,28722393.0,3.6785371721638933,-6.4282497084866055,-13.425434294419688,8.082263571184239,0.29392774003269806,70.6072259967302,67.31391585760518,69.25566343042071,31.3915857605178,26.21359223300971,75.40453074433657,83.49514563106796,52.1,Medium
2022,Japan,Frozen yellowfin tuna,100959378.384,24599048.0,26,4.1041986008564235,98864533.721,24866287.0,3.9758462419821665,2.1189041045919916,-1.0747040762458826,3.2283028835206324,0.2724160063307071,72.7583993669293,66.66666666666666,69.90291262135922,63.10679611650486,38.51132686084142,64.72491909385113,86.73139158576052,61.6,Medium-high
2023,Japan,Frozen yellowfin tuna,89186089.722,24656915.0,23,3.6170822555052,100959378.384,24599048.0,4.1041986008564235,-11.661411599841848,0.23524081094520405,-11.868732308655261,0.3083373510680621,69.1662648931938,66.99029126213593,67.63754045307444,26.860841423948216,62.7831715210356,12.297734627831716,80.58252427184466,51.5,Medium
2024,Japan,Frozen yellowfin tuna,74154527.187,21231006.0,21,3.4927467491177766,89186089.722,24656915.0,3.6170822555052,-16.85415582391217,-13.894313218016121,-3.43745310735427,0.3185810464332857,68.14189535667143,65.69579288025889,63.10679611650486,22.97734627831715,25.88996763754045,25.24271844660194,78.64077669902912,43.1,Medium
2021,Nigeria,Frozen Atlantic salmon,8612.647,3749.0,2,2.2973184849293147,,,,0.0,0.0,0.0,0.8537176782004416,14.628232179955836,3.559870550161812,2.5889967637540456,49.676375404530745,50.970873786407765,44.82200647249191,17.15210355987055,29.2,Low
2022,Nigeria,Frozen Atlantic salmon,24801.548,4165.0,2,5.954753421368547,8612.647,3749.0,2.2973184849293147,187.96661467722987,11.096292344625233,51.6186715232344,0.8562142572713606,14.378574272863942,3.8834951456310676,4.207119741100324,94.49838187702265,70.55016181229773,97.57281553398059,16.828478964401295,50.0,Medium
2020,Nigeria,Frozen hake,1437408.248,1619417.0,5,0.8876084714437356,,,,0.0,0.0,0.0,0.41798442776154154,58.201557223845846,30.097087378640776,19.093851132686083,49.676375404530745,50.970873786407765,44.82200647249191,63.75404530744336,40.1,Medium
2021,Nigeria,Frozen hake,11949334.593,12948042.151,16,0.9228680640398697,1437408.248,1619417.0,0.8876084714437356,196.8488676835987,161.03728604905345,3.9724263265291686,0.5966561568354268,40.33438431645732,59.22330097087378,38.83495145631068,97.57281553398059,97.57281553398059,65.69579288025889,41.42394822006473,72.2,Medium-high
2022,Nigeria,Frozen hake,4300442.97,4552874.33,9,0.944555605601352,11949334.593,12948042.151,0.9228680640398697,-59.72409919783866,-64.40539809602133,2.350015392941953,0.5562513651936652,44.37486348063347,45.63106796116505,27.508090614886733,2.750809061488673,2.750809061488673,60.84142394822006,45.63106796116505,24.2,Low
2023,Nigeria,Frozen hake,4984901.506999999,4282583.0,9,1.163994137883609,4300442.97,4552874.33,0.944555605601352,15.91600078816996,-5.936718442215383,23.231933724277805,0.806138942636485,19.3861057363515,44.983818770226534,29.126213592233007,72.81553398058253,33.00970873786408,89.32038834951457,21.68284789644013,49.6,Medium
2024,Nigeria,Frozen hake,6434227.616,7013170.0,11,0.9174492584665708,4984901.506999999,4282583.0,1.163994137883609,29.07431785692855,63.76028205407811,-21.180938236107412,0.5439288985203348,45.60711014796652,50.48543689320388,31.06796116504854,80.90614886731392,89.64401294498381,6.796116504854369,47.57281553398058,57.5,Medium-high
2020,Nigeria,Frozen mackerel,240280933.274,138311188.057,28,1.7372487117598672,,,,0.0,0.0,0.0,0.24824907741630817,75.17509225836918,93.20388349514563,88.9967637540453,49.676375404530745,50.970873786407765,44.82200647249191,89.96763754045307,68.0,Medium-high
2021,Nigeria,Frozen mackerel,178796551.815,67553801.696,26,2.6467281977645816,240280933.274,138311188.057,1.7372487117598672,-25.588539473869698,-51.15810756526788,51.6186715232344,0.2980728216903393,70.19271783096607,81.22977346278317,83.81877022653723,15.53398058252427,7.443365695792881,97.57281553398059,82.52427184466019,52.3,Medium
2022,Nigeria,Frozen mackerel,197403223.457,92653518.629,32,2.130552906980631,178796551.815,67553801.696,2.6467281977645816,10.406616600331438,37.15515086175558,-19.502391338102296,0.21561826107298387,78.43817389270161,88.9967637540453,86.08414239482201,68.6084142394822,83.1715210355987,7.766990291262135,95.46925566343042,74.4,Medium-high
2023,Nigeria,Frozen mackerel,207787640.95099998,128571411.089,34,1.6161263160374333,197403223.457,92653518.629,2.130552906980631,5.260510599646823,38.765815903680014,-23.98566317396232,0.2355440466814947,76.44559533185054,91.9093851132686,87.05501618122977,66.99029126213593,83.81877022653723,2.750809061488673,92.88025889967638,74.2,Medium-high
2024,Nigeria,Frozen mackerel,110280699.26699999,68748404.547,26,1.6041201245856744,207787640.95099998,128571411.089,1.6161263160374333,-46.9262470268835,-46.5290114149787,-0.7428993224488004,0.21274886530412773,78.72511346958723,82.20064724919094,71.52103559870551,8.414239482200648,8.414239482200648,31.715210355987054,96.11650485436894,42.5,Medium
2020,Nigeria,Frozen shrimp/prawns,95060.861,39000.0,1,2.4374579743589746,,,,0.0,0.0,0.0,1.0,0.0,8.090614886731391,7.119741100323624,49.676375404530745,50.970873786407765,44.82200647249191,2.912621359223301,30.3,Low
2022,Nigeria,Frozen shrimp/prawns,644182.9739999999,159054.0,6,4.050089743106114,95060.861,39000.0,2.4374579743589746,196.8488676835987,161.03728604905345,51.6186715232344,0.41195716234499546,58.80428376550045,12.62135922330097,13.592233009708737,97.57281553398059,97.57281553398059,97.57281553398059,64.72491909385113,62.1,Medium-high
2023,Nigeria,Frozen shrimp/prawns,450746.456,118460.0,3,3.8050519669086613,644182.9739999999,159054.0,4.050089743106114,-30.028194753250332,-25.52214971016133,-6.050181396956587,0.3750490541849097,62.495094581509036,10.679611650485436,11.974110032362459,12.297734627831716,16.181229773462782,19.41747572815534,70.87378640776699,16.3,Low
2024,Nigeria,Frozen shrimp/prawns,19059.928,10000.0,1,1.9059928,450746.456,118460.0,3.8050519669086613,-59.72409919783866,-64.40539809602133,-23.98566317396232,1.0,0.0,4.854368932038835,3.8834951456310676,2.750809061488673,2.750809061488673,2.750809061488673,2.912621359223301,3.4,Low
2020,Nigeria,Frozen yellowfin tuna,432581.74199999997,290400.0,2,1.4896065495867767,,,,0.0,0.0,0.0,0.6223603699852871,37.76396300147129,15.857605177993527,11.650485436893204,49.676375404530745,50.970873786407765,44.82200647249191,38.83495145631068,34.5,Low
2022,Nigeria,Frozen yellowfin tuna,7544.668,619.0,1,12.188478190630049,432581.74199999997,290400.0,1.4896065495867767,-59.72409919783866,-64.40539809602133,51.6186715232344,1.0,0.0,1.6181229773462782,1.9417475728155338,2.750809061488673,2.750809061488673,97.57281553398059,2.912621359223301,11.9,Low
2023,Nigeria,Frozen yellowfin tuna,54107.576,29000.0,1,1.8657784827586208,7544.668,619.0,12.188478190630049,196.8488676835987,161.03728604905345,-23.98566317396232,1.0,0.0,6.796116504854369,5.501618122977346,97.57281553398059,97.57281553398059,2.750809061488673,2.912621359223301,46.8,Medium
2020,Philippines,Frozen Atlantic salmon,24231582.0,5028622.504,18,4.818731567288075,,,,0.0,0.0,0.0,0.43167445691329603,56.8325543086704,47.249190938511326,53.72168284789643,49.676375404530745,50.970873786407765,44.82200647249191,61.48867313915858,50.4,Medium
2021,Philippines,Frozen Atlantic salmon,24880400.0,3946055.4080000003,15,6.305131942536575,24231582.0,5028622.504,4.818731567288075,2.6775717738940856,-21.52810426988455,30.84629958097104,0.5552486696355364,44.47513303644636,42.394822006472495,54.0453074433657,63.75404530744336,18.446601941747574,91.9093851132686,45.9546925566343,50.4,Medium
2022,Philippines,Frozen Atlantic salmon,21819280.0,2851947.6530000004,12,7.650659358017325,24880400.0,3946055.4080000003,6.305131942536575,-12.303339174611342,-27.726619164593338,21.340194428023974,0.8788816587898409,12.111834121015907,39.482200647249186,50.161812297734635,25.24271844660194,14.886731391585762,88.3495145631068,15.210355987055015,36.8,Medium
2023,Philippines,Frozen Atlantic salmon,17087385.0,3198294.3200000003,5,5.342655581491324,21819280.0,2851947.6530000004,7.650659358017325,-21.68676051638734,12.144215432414175,-23.98566317396232,0.8841165573316221,11.58834426683779,40.77669902912621,45.307443365695796,18.446601941747574,71.84466019417476,2.750809061488673,14.886731391585762,37.2,Medium
2024,Philippines,Frozen Atlantic salmon,16552388.0,3059443.41,5,5.4102612082633685,17087385.0,3198294.3200000003,5.342655581491324,-3.1309471870622683,-4.341405014908076,1.26539369309622,0.9270798872041908,7.292011279580923,39.80582524271845,44.336569579288025,34.95145631067961,34.95145631067961,58.89967637540453,11.650485436893204,39.0,Medium
2021,Philippines,Frozen hake,8336.0,4353.462,1,1.9147979240429798,,,,0.0,0.0,0.0,1.0,0.0,4.207119741100324,2.26537216828479,49.676375404530745,50.970873786407765,44.82200647249191,2.912621359223301,28.5,Low
2020,Philippines,Frozen mackerel,43870068.0,24506883.071,11,1.7901121033181593,,,,0.0,0.0,0.0,0.526329865729864,47.3670134270136,66.34304207119742,58.57605177993528,49.676375404530745,50.970873786407765,44.82200647249191,50.161812297734635,54.6,Medium
2021,Philippines,Frozen mackerel,50702298.0,28647534.467,6,1.7698660266350523,43870068.0,24506883.071,1.7901121033181593,15.573784841181462,16.89587118853072,-1.130994905044145,0.6202424789503623,37.97575210496377,68.93203883495146,59.54692556634305,72.49190938511327,76.69902912621359,31.3915857605178,39.482200647249186,64.3,Medium-high
2022,Philippines,Frozen mackerel,94863148.0,48073890.935,8,1.97327793018175,50702298.0,28647534.467,1.7698660266350523,87.09832047454734,67.81161740246036,11.493067864206276,0.8098294292320976,19.017057076790245,76.69902912621359,68.93203883495146,90.93851132686083,90.29126213592234,79.6116504854369,21.035598705501616,78.9,High
2023,Philippines,Frozen mackerel,115419081.0,94745255.03,9,1.218204341351489,94863148.0,48073890.935,1.97327793018175,21.669039488337454,97.08256017409462,-23.98566317396232,0.7912754564386109,20.872454356138913,89.64401294498381,73.13915857605178,77.02265372168284,92.88025889967638,2.750809061488673,22.653721682847898,71.8,Medium-high
2024,Philippines,Frozen mackerel,66760972.0,52134747.8,6,1.2805465609253412,115419081.0,94745255.03,1.218204341351489,-42.15776852355981,-44.97376382227044,5.117550271138355,0.795291851053337,20.4708148946663,77.99352750809061,61.48867313915858,10.032362459546926,9.70873786407767,69.25566343042071,22.330097087378643,40.4,Medium
2020,Philippines,Frozen shrimp/prawns,8462120.0,999070.1699999999,6,8.469995656060876,,,,0.0,0.0,0.0,0.5604262288882691,43.95737711117309,23.300970873786408,34.95145631067961,49.676375404530745,50.970873786407765,44.82200647249191,45.307443365695796,41.0,Medium
2021,Philippines,Frozen shrimp/prawns,9921015.0,1114502.751,4,8.901741149672587,8462120.0,999070.1699999999,8.469995656060876,17.24030148473432,11.554001357081857,5.097352007527498,0.7365938868150084,26.340611318499164,23.948220064724918,36.56957928802589,73.7864077669903,70.87378640776699,68.93203883495146,26.537216828478964,52.9,Medium
2022,Philippines,Frozen shrimp/prawns,18465250.0,2012978.571,8,9.173098147203277,9921015.0,1114502.751,8.901741149672587,86.12258927135984,80.61674313444563,3.0483586634135134,0.8146320791757491,18.53679208242509,32.038834951456316,46.92556634304207,90.29126213592234,91.2621359223301,63.43042071197411,20.711974110032365,64.0,Medium-high
2023,Philippines,Frozen shrimp/prawns,22839310.0,4241230.7,6,5.385066650583284,18465250.0,2012978.571,9.173098147203277,23.688062712392195,110.6942796660303,-23.98566317396232,0.7408501395182254,25.914986048177457,44.336569579288025,52.42718446601942,78.31715210355988,93.20388349514563,2.750809061488673,25.5663430420712,59.1,Medium-high
2024,Philippines,Frozen shrimp/prawns,20726318.0,4089523.54,4,5.068149821678248,22839310.0,4241230.7,5.385066650583284,-9.251557949868012,-3.576960809983766,-5.88510504082079,0.7699362231149788,23.006377688502123,43.36569579288026,48.54368932038835,28.478964401294498,35.59870550161812,20.06472491909385,23.300970873786408,35.8,Medium
2020,Philippines,Frozen yellowfin tuna,74236387.0,36704359.273,24,2.022549595481124,,,,0.0,0.0,0.0,0.4907311693388311,50.92688306611689,72.168284789644,63.43042071197411,49.676375404530745,50.970873786407765,44.82200647249191,54.69255663430421,56.9,Medium-high
2021,Philippines,Frozen yellowfin tuna,74697333.0,32393959.586999997,18,2.3059031360271485,74236387.0,36704359.273,2.022549595481124,0.6209165324815713,-11.743563356984591,14.009720264912476,0.6262782501217279,37.37217498782721,70.55016181229773,63.75404530744336,61.81229773462783,27.184466019417474,82.52427184466019,38.51132686084142,57.9,Medium-high
2022,Philippines,Frozen yellowfin tuna,76761401.0,33223564.442,16,2.310450497688354,74697333.0,32393959.586999997,2.3059031360271485,2.7632418951289734,2.560986262799848,0.19720523339242158,0.5178277426176732,48.217225738232685,70.87378640776699,64.72491909385113,64.07766990291263,64.72491909385113,56.63430420711975,51.45631067961165,64.3,Medium-high
2023,Philippines,Frozen yellowfin tuna,59228291.0,26502605.560000002,21,2.2348101157794233,76761401.0,33223564.442,2.310450497688354,-22.841050022002594,-20.229493718932854,-3.2738369415233155,0.6823034113883177,31.769658861168224,68.28478964401295,60.19417475728155,17.475728155339805,18.77022653721683,25.5663430420712,32.362459546925564,38.0,Medium
2024,Philippines,Frozen yellowfin tuna,59584200.0,31553879.73,16,1.888331974066252,59228291.0,26502605.560000002,2.2348101157794233,0.6009104669253414,19.05953797095261,-15.503694889636376,0.7173852967733056,28.261470322669435,70.22653721682848,60.517799352750814,61.48867313915858,77.66990291262135,9.385113268608414,28.155339805825243,59.4,Medium-high
2020,Spain,Frozen Atlantic salmon,13655247.274999999,3499974.4899999998,13,3.901527657991587,,,,0.0,0.0,0.0,0.8001214530185065,19.987854698149356,42.07119741100323,42.07119741100323,49.676375404530745,50.970873786407765,44.82200647249191,22.006472491909385,45.0,Medium
2021,Spain,Frozen Atlantic salmon,6512379.834,1473497.02,13,4.419676284109485,13655247.274999999,3499974.4899999998,3.901527657991587,-52.308590955193814,-57.89977829238406,13.280660078278888,0.36854702646018916,63.14529735398109,27.184466019417474,31.715210355987054,6.796116504854369,6.472491909385113,81.55339805825243,71.52103559870551,26.5,Low
2022,Spain,Frozen Atlantic salmon,14761015.386999998,2137504.69,16,6.905723040542194,6512379.834,1473497.02,4.419676284109485,126.66084846487777,45.063387369456635,51.6186715232344,0.6914912255283865,30.850877447161352,33.33333333333333,42.394822006472495,93.52750809061489,85.76051779935275,97.57281553398059,30.097087378640776,66.9,Medium-high
2023,Spain,Frozen Atlantic salmon,15373281.82,2140141.49,12,7.183301614324574,14761015.386999998,2137504.69,6.905723040542194,4.14786122057175,0.12335879365954887,4.019543965965166,0.5290777311073843,47.09222688926157,33.65695792880259,43.36569579288026,66.01941747572816,62.45954692556634,66.01941747572816,49.51456310679612,53.5,Medium
2024,Spain,Frozen Atlantic salmon,14980022.075000001,2214994.12,12,6.7630076033791005,15373281.82,2140141.49,7.183301614324574,-2.558072827939605,3.4975552013619384,-5.850986545063683,0.5978630089568809,40.21369910431191,34.627831715210355,42.71844660194174,35.92233009708738,65.37216828478964,20.388349514563107,40.77669902912621,41.6,Medium
2020,Spain,Frozen hake,89984867.389,26849128.98,23,3.3515004325104925,,,,0.0,0.0,0.0,0.3655708434262946,63.44291565737055,68.6084142394822,67.96116504854369,49.676375404530745,50.970873786407765,44.82200647249191,72.168284789644,58.0,Medium-high
2021,Spain,Frozen hake,82180511.631,25249269.34,28,3.254767911276121,89984867.389,26849128.98,3.3515004325104925,-8.67296467111761,-5.958702202934557,-2.88624522604977,0.3544788396767678,64.55211603232323,67.63754045307444,66.01941747572816,29.773462783171524,32.68608414239482,26.860841423948216,74.11003236245955,47.1,Medium
2022,Spain,Frozen hake,67973519.948,20640568.81,25,3.2931999390960582,82180511.631,25249269.34,3.254767911276121,-17.287543483290825,-18.252807508765724,1.1807916529713154,0.36510478996799706,63.48952100320029,65.0485436893204,61.81229773462783,22.653721682847898,19.741100323624593,58.252427184466015,72.49190938511327,44.4,Medium
2023,Spain,Frozen hake,63624633.208000004,20439966.931,26,3.1127561714155494,67973519.948,20640568.81,3.2931999390960582,-6.397913103995364,-0.9718815447702623,-5.479283706352745,0.34371395623621903,65.62860437637809,64.72491909385113,60.84142394822006,31.715210355987054,38.83495145631068,21.35922330097087,75.72815533980582,46.7,Medium
2024,Spain,Frozen hake,74844410.436,24118359.009,24,3.103213216457682,63624633.208000004,20439966.931,3.1127561714155494,17.63432913054382,17.99607646341743,-0.30657573007163735,0.31833684080354346,68.16631591964565,66.01941747572816,64.07766990291263,74.11003236245955,77.34627831715211,32.68608414239482,78.96440129449837,67.2,Medium-high
2020,Spain,Frozen mackerel,11732063.75,13148136.9,18,0.8922985696931707,,,,0.0,0.0,0.0,0.43106164642175593,56.89383535782441,59.54692556634305,38.18770226537217,49.676375404530745,50.970873786407765,44.82200647249191,62.13592233009708,49.7,Medium
2021,Spain,Frozen mackerel,20726562.838,20925775.45,19,0.9904800368102966,11732063.75,13148136.9,0.8922985696931707,76.66595817807416,59.15392126773489,11.003207945395117,0.3920301736717703,60.796982632822974,65.37216828478964,48.86731391585761,89.96763754045307,88.67313915857605,78.31715210355988,68.6084142394822,74.3,Medium-high
2022,Spain,Frozen mackerel,10342203.018,10308279.09,16,1.003290940001121,20726562.838,20925775.45,0.9904800368102966,-50.1016975229552,-50.73884303771404,1.2934034725303576,0.3805028627025546,61.94971372974454,55.663430420711975,37.2168284789644,7.766990291262135,7.766990291262135,59.22330097087378,70.55016181229773,31.5,Low
2023,Spain,Frozen mackerel,15099207.182,17111386.05,17,0.8824070205581037,10342203.018,10308279.09,1.003290940001121,45.99604316141071,65.99653444190946,-12.048740263007078,0.4611504585022655,53.884954149773456,61.81229773462783,43.042071197411005,86.08414239482201,89.96763754045307,11.974110032362459,58.57605177993528,64.6,Medium-high
2024,Spain,Frozen mackerel,6778072.050000001,5701912.45,14,1.1887366053822872,15099207.182,17111386.05,0.8824070205581037,-55.10974868879046,-64.40539809602133,34.71522525177061,0.40326281010836995,59.67371898916301,48.22006472491909,32.038834951456316,6.148867313915858,2.750809061488673,93.20388349514563,66.34304207119742,30.8,Low
2020,Spain,Frozen shrimp/prawns,993899532.004,149441976.68,52,6.650738661816795,,,,0.0,0.0,0.0,0.28221624534065193,71.7783754659348,95.14563106796116,93.85113268608414,49.676375404530745,50.970873786407765,44.82200647249191,85.43689320388349,69.2,Medium-high
2021,Spain,Frozen shrimp/prawns,1326570256.904,175988122.28,52,7.537839711667615,993899532.004,149441976.68,6.650738661816795,33.47126285785003,17.76351343159977,13.338383824098251,0.3313865397509912,66.86134602490088,96.76375404530745,96.11650485436894,83.1715210355987,77.02265372168284,81.87702265372168,76.69902912621359,86.8,High
2022,Spain,Frozen shrimp/prawns,1179905579.674,158831809.79,55,7.428647833415838,1326570256.904,175988122.28,7.537839711667615,-11.055929866262161,-9.748562725559417,-1.4485831807057548,0.2992653989292605,70.07346010707394,95.46925566343042,95.14563106796116,27.184466019417474,29.773462783171524,29.449838187702266,81.87702265372168,57.9,Medium-high
2023,Spain,Frozen shrimp/prawns,1166765896.77,170346983.14000002,58,6.849348754307501,1179905579.674,158831809.79,7.428647833415838,-1.113621558398804,7.249916351910142,-7.798176627817936,0.3086831736118159,69.13168263881842,96.11650485436894,94.49838187702265,38.18770226537217,68.6084142394822,18.12297734627832,80.2588996763754,67.2,Medium-high
2024,Spain,Frozen shrimp/prawns,1143269646.701,175244181.85999998,53,6.523866496260295,1166765896.77,170346983.14000002,6.849348754307501,-2.013793009724189,2.8748373641435117,-4.752017596454154,0.2907503375132764,70.92496624867236,96.44012944983818,94.1747572815534,36.89320388349515,65.0485436893204,22.330097087378643,83.81877022653723,66.8,Medium-high
2020,Spain,Frozen yellowfin tuna,229494853.15600002,95526097.10000001,41,2.4024309599475933,,,,0.0,0.0,0.0,0.1639188066471742,83.60811933528258,89.96763754045307,88.02588996763754,49.676375404530745,50.970873786407765,44.82200647249191,98.70550161812298,67.6,Medium-high
2021,Spain,Frozen yellowfin tuna,182378294.442,70121026.9,37,2.600907352684534,229494853.15600002,95526097.10000001,2.4024309599475933,-20.53055136795262,-26.59490021182913,8.261481642796936,0.22891176715262507,77.1088232847375,83.49514563106796,84.46601941747572,20.06472491909385,15.53398058252427,76.37540453074433,94.1747572815534,54.1,Medium
2022,Spain,Frozen yellowfin tuna,222700576.23499998,68178486.3,36,3.2664347409396797,182378294.442,70121026.9,2.600907352684534,22.109145124077955,-2.7702683287429277,25.58827739743285,0.2019218847936359,79.8078115206364,81.87702265372168,87.70226537216828,77.66990291262135,36.89320388349515,90.61488673139159,97.0873786407767,74.6,Medium-high
2023,Spain,Frozen yellowfin tuna,125617112.56400001,43375351.2,33,2.8960483105898174,222700576.23499998,68178486.3,3.2664347409396797,-43.593719114832794,-36.37970926908067,-11.339165167074805,0.20515049585199124,79.48495041480088,74.4336569579288,75.08090614886731,9.06148867313916,11.326860841423949,12.62135922330097,96.76375404530745,40.5,Medium
2024,Spain,Frozen yellowfin tuna,185945583.226,69722193.01,37,2.666949721437054,125617112.56400001,43375351.2,2.8960483105898174,48.025678532662944,60.741506595570804,-7.910730919613168,0.1825296204575524,81.74703795424476,83.1715210355987,85.11326860841424,86.73139158576052,89.32038834951457,17.79935275080906,98.05825242718447,79.9,High
2020,Thailand,Frozen Atlantic salmon,47734807.563,9323502.0,3,5.119836684005645,,,,0.0,0.0,0.0,0.9410098589318996,5.899014106810041,53.72168284789643,59.22330097087378,49.676375404530745,50.970873786407765,44.82200647249191,10.032362459546926,50.2,Medium
2021,Thailand,Frozen Atlantic salmon,68067901.576,13366997.0,14,5.092235868385398,47734807.563,9323502.0,5.119836684005645,42.595948430638494,43.368843595464455,-0.5390956259693259,0.63007189804602,36.99281019539799,59.8705501618123,62.13592233009708,85.11326860841424,85.43689320388349,32.038834951456316,37.86407766990291,67.9,Medium-high
2022,Thailand,Frozen Atlantic salmon,91624660.08900002,11739496.0,3,7.804820589316613,68067901.576,13366997.0,5.092235868385398,34.60773428823589,-12.175517058917572,51.6186715232344,0.8371005944742173,16.289940552578276,58.252427184466015,68.28478964401295,83.81877022653723,26.860841423948216,97.57281553398059,18.77022653721683,62.3,Medium-high
2023,Thailand,Frozen Atlantic salmon,66315723.552,8863346.0,2,7.4820190424699655,91624660.08900002,11739496.0,7.804820589316613,-27.622407016207283,-24.49977409592371,-4.135925267628881,0.9525609587516124,4.74390412483876,53.07443365695793,61.165048543689316,14.239482200647249,16.50485436893204,23.624595469255663,8.737864077669903,32.5,Low
2024,Thailand,Frozen Atlantic salmon,43379010.22,6126072.0,3,7.081048054936344,66315723.552,8863346.0,7.4820190424699655,-34.58714178699217,-30.883077338964316,-5.359128134499542,0.9285487952749328,7.145120472506717,49.19093851132686,58.252427184466015,11.003236245954692,13.592233009708737,21.68284789644013,11.326860841423949,29.7,Low
2020,Thailand,Frozen hake,776387.105,408577.0,4,1.9002222469693595,,,,0.0,0.0,0.0,0.48612996476802645,51.387003523197365,19.093851132686083,14.563106796116504,49.676375404530745,50.970873786407765,44.82200647249191,56.63430420711975,36.7,Medium
2021,Thailand,Frozen hake,409536.402,312452.0,4,1.310717812656024,776387.105,408577.0,1.9002222469693595,-47.25100412377405,-23.526777082410412,-23.98566317396232,0.5416179316826639,45.83820683173361,17.475728155339805,11.003236245954692,8.090614886731391,17.475728155339805,2.750809061488673,47.896440129449836,13.9,Low
2022,Thailand,Frozen hake,5350222.366,4570697.0,3,1.170548466896843,409536.402,312452.0,1.310717812656024,196.8488676835987,161.03728604905345,-10.694090246255465,0.8369883959324019,16.301160406759806,45.9546925566343,30.097087378640776,97.57281553398059,97.57281553398059,14.239482200647249,19.093851132686083,61.5,Medium-high
2023,Thailand,Frozen hake,1410780.228,1137022.0,3,1.2407677494366862,5350222.366,4570697.0,1.170548466896843,-59.72409919783866,-64.40539809602133,5.998835975241282,0.8356018333707467,16.43981666292533,24.271844660194176,18.446601941747574,2.750809061488673,2.750809061488673,70.22653721682848,19.41747572815534,17.8,Low
2024,Thailand,Frozen hake,223431.75,71372.0,2,3.1305238749089277,1410780.228,1137022.0,1.2407677494366862,-59.72409919783866,-64.40539809602133,51.6186715232344,0.8997457165331249,10.025428346687516,9.385113268608414,10.032362459546926,2.750809061488673,2.750809061488673,97.57281553398059,13.915857605177994,15.6,Low
2020,Thailand,Frozen mackerel,84170948.305,66221714.0,11,1.2710475646251018,,,,0.0,0.0,0.0,0.36753189933066654,63.24681006693334,80.90614886731392,66.34304207119742,49.676375404530745,50.970873786407765,44.82200647249191,71.84466019417476,60.1,Medium-high
2021,Thailand,Frozen mackerel,86833839.361,69547070.0,8,1.2485621516621765,84170948.305,66221714.0,1.2710475646251018,3.16367001872285,5.021549276118102,-1.769045753182132,0.3621895399010238,63.78104600989762,82.84789644012946,67.31391585760518,64.40129449838187,66.34304207119742,28.478964401294498,72.81553398058253,65.9,Medium-high
2022,Thailand,Frozen mackerel,111868097.399,89822191.0,12,1.2454394192967304,86833839.361,69547070.0,1.2485621516621765,28.830071573736877,29.153091568055995,-0.25010628115620254,0.35171568198452,64.828431801548,88.02588996763754,72.49190938511327,80.58252427184466,79.93527508090615,33.00970873786408,74.75728155339806,75.3,High
2023,Thailand,Frozen mackerel,92349645.123,72649627.0,9,1.271164752476981,111868097.399,89822191.0,1.2454394192967304,-17.447737764220246,-19.118398035959732,2.0655627870504514,0.3879688607929119,61.20311392070881,84.14239482200647,68.6084142394822,22.330097087378643,19.41747572815534,60.517799352750814,69.90291262135922,49.6,Medium
2024,Thailand,Frozen mackerel,76034356.52,58388399.0,5,1.302216841396867,92349645.123,72649627.0,1.271164752476981,-17.666866593011544,-19.630146208458854,2.4428060060175802,0.38531417704960413,61.46858229503959,79.6116504854369,64.40129449838187,21.68284789644013,19.093851132686083,61.165048543689316,70.22653721682848,47.7,Medium
2020,Thailand,Frozen shrimp/prawns,72307723.104,9967266.0,24,7.254519253725144,,,,0.0,0.0,0.0,0.5952350492228272,40.47649507771728,55.016181229773466,62.45954692556634,49.676375404530745,50.970873786407765,44.82200647249191,42.07119741100323,52.7,Medium
2021,Thailand,Frozen shrimp/prawns,162967002.929,26109431.0,24,6.241691093497978,72307723.104,9967266.0,7.254519253725144,125.3798016770698,161.03728604905345,-13.961340852560097,0.4581053987445881,54.18946012554119,67.96116504854369,82.20064724919094,93.20388349514563,97.57281553398059,10.032362459546926,58.89967637540453,76.8,High
2022,Thailand,Frozen shrimp/prawns,126788365.788,17198181.085,23,7.372196231762145,162967002.929,26109431.0,6.241691093497978,-22.19997698353818,-34.13038727270617,18.11216097255797,0.4070625174812747,59.29374825187252,62.45954692556634,75.40453074433657,18.12297734627832,12.944983818770226,86.40776699029125,65.0485436893204,46.6,Medium
2023,Thailand,Frozen shrimp/prawns,134462690.79700002,18536802.361,19,7.253823403754852,126788365.788,17198181.085,7.372196231762145,6.052862154428337,7.783504949645669,-1.605665724106732,0.4402773835708546,55.97226164291453,63.43042071197411,76.37540453074433,67.63754045307444,69.25566343042071,29.126213592233007,60.84142394822006,64.7,Medium-high
2024,Thailand,Frozen shrimp/prawns,47688131.72,6718207.0,19,7.098342120151998,134462690.79700002,18536802.361,7.253823403754852,-59.72409919783866,-63.75746545081265,-2.1434390520504136,0.6155660159294661,38.44339840705339,50.161812297734635,58.89967637540453,2.750809061488673,5.501618122977346,28.155339805825243,39.80582524271845,28.4,Low
2020,Thailand,Frozen yellowfin tuna,152988362.175,91904317.0,33,1.6646482686444426,,,,0.0,0.0,0.0,0.11319731865741832,88.68026813425817,88.67313915857605,78.96440129449837,49.676375404530745,50.970873786407765,44.82200647249191,100.0,65.6,Medium-high
2021,Thailand,Frozen yellowfin tuna,155686553.107,88439985.0,29,1.7603638569929652,152988362.175,91904317.0,1.6646482686444426,1.7636576362021448,-3.7694986623968925,5.749898651350879,0.17598811333544825,82.40118866645517,87.05501618122977,79.28802588996764,62.7831715210356,35.275080906148865,69.90291262135922,98.38187702265373,67.9,Medium-high
2022,Thailand,Frozen yellowfin tuna,177008690.671,89514198.0,28,1.977437039328666,155686553.107,88439985.0,1.7603638569929652,13.695555035729878,1.2146236795494707,12.331154236857769,0.15861824658194554,84.13817534180545,87.37864077669903,83.49514563106796,71.52103559870551,64.07766990291263,80.58252427184466,99.02912621359224,77.9,High
2023,Thailand,Frozen yellowfin tuna,199436514.20000002,94565783.0,32,2.1089712142498733,177008690.671,89514198.0,1.977437039328666,12.67046462181105,5.64333380945892,6.651750336681404,0.1856320332287476,81.43679667712524,89.32038834951457,86.40776699029125,70.87378640776699,67.31391585760518,71.84466019417476,97.73462783171522,78.4,High
2024,Thailand,Frozen yellowfin tuna,156243492.9,78043297.0,28,2.00201040840189,199436514.20000002,94565783.0,2.1089712142498733,-21.657529200838795,-17.47194965857788,-5.071705347387949,0.15533407413986453,84.46659258601355,85.76051779935275,79.6116504854369,18.77022653721683,20.711974110032365,22.006472491909385,99.35275080906149,49.1,Medium
2020,USA,Frozen Atlantic salmon,13309164.0,2243015.0,6,5.933604545667327,,,,0.0,0.0,0.0,0.7339708189034262,26.60291810965738,34.95145631067961,41.74757281553398,49.676375404530745,50.970873786407765,44.82200647249191,27.508090614886733,43.8,Medium
2021,USA,Frozen Atlantic salmon,17231438.0,2523558.0,5,6.8282314097793675,13309164.0,2243015.0,5.933604545667327,29.470476132084627,12.507406325860504,15.077291673663861,0.9046886858775223,9.531131412247774,36.56957928802589,45.63106796116505,81.22977346278317,73.13915857605178,84.46601941747572,13.268608414239482,60.5,Medium-high
2022,USA,Frozen Atlantic salmon,19141673.0,2267550.0,6,8.441566007364777,17231438.0,2523558.0,6.8282314097793675,11.085755001991128,-10.144724234592587,23.627415369590402,0.8420225860090703,15.797741399092969,35.59870550161812,47.896440129449836,69.57928802588997,29.449838187702266,89.64401294498381,18.446601941747574,49.9,Medium
2023,USA,Frozen Atlantic salmon,18562302.0,2285172.0,7,8.122934291160577,19141673.0,2267550.0,8.441566007364777,-3.026752154840384,0.7771383210954554,-3.7745569474456766,0.7004241715278633,29.957582847213672,36.24595469255664,47.249190938511326,35.275080906148865,63.10679611650486,24.919093851132686,29.449838187702266,42.1,Medium
2024,USA,Frozen Atlantic salmon,22240909.0,2610040.0,7,8.521290478306845,18562302.0,2285172.0,8.122934291160577,19.817622835788363,14.216347828522316,4.904092201998499,0.6993091424455719,30.069085755442813,37.2168284789644,52.103559870550164,76.05177993527508,74.4336569579288,67.31391585760518,29.773462783171524,60.0,Medium-high
2020,USA,Frozen hake,3070811.0,1400095.0,9,2.193287598341541,,,,0.0,0.0,0.0,0.2677380665889239,73.2261933411076,25.88996763754045,23.948220064724918,49.676375404530745,50.970873786407765,44.82200647249191,87.37864077669903,41.4,Medium
2021,USA,Frozen hake,4444450.0,1985807.0,9,2.2381077315167084,3070811.0,1400095.0,2.193287598341541,44.73212451043063,41.83373271099461,2.0435137283892115,0.5508125864842669,44.91874135157331,31.715210355987054,28.155339805825243,85.76051779935275,84.78964401294499,60.19417475728155,46.27831715210356,58.7,Medium-high
2022,USA,Frozen hake,3859699.0,1502795.0,9,2.5683469801270298,4444450.0,1985807.0,2.2381077315167084,-13.156881053898683,-24.323209657333265,14.755288316104725,0.3615445142224821,63.845548577751785,27.831715210355988,26.537216828478964,24.59546925566343,16.828478964401295,84.14239482200647,73.13915857605178,32.5,Low
2023,USA,Frozen hake,3400521.0,1376528.0,9,2.4703609370822823,3859699.0,1502795.0,2.5683469801270298,-11.896730807246886,-8.402144005004008,-3.815140391969199,0.5401025313474024,45.98974686525976,25.5663430420712,24.919093851132686,26.21359223300971,30.097087378640776,24.59546925566343,48.22006472491909,27.5,Low
2024,USA,Frozen hake,4287044.0,1492729.0,13,2.871950635379898,3400521.0,1376528.0,2.4703609370822823,26.070211005901744,8.441600897330094,16.25631672964879,0.42414376899327366,57.585623100672635,27.508090614886733,27.184466019417474,79.28802588996764,69.90291262135922,85.43689320388349,62.7831715210356,56.4,Medium-high
2020,USA,Frozen mackerel,22852894.0,10082504.0,30,2.2665891330169567,,,,0.0,0.0,0.0,0.6893367640877344,31.066323591226563,55.33980582524271,52.75080906148867,49.676375404530745,50.970873786407765,44.82200647249191,30.74433656957929,50.3,Medium
2021,USA,Frozen mackerel,28119723.0,11513122.0,30,2.442406412439649,22852894.0,10082504.0,2.2665891330169567,23.04666096118942,14.189114132759084,7.756910013446936,0.6533387615518119,34.666123844818806,57.28155339805825,55.33980582524271,77.99352750809061,74.11003236245955,74.75728155339806,35.59870550161812,66.1,Medium-high
2022,USA,Frozen mackerel,31750030.0,11700537.0,28,2.7135532326422283,28119723.0,11513122.0,2.442406412439649,12.910180516358572,1.62783821799161,11.101625790923892,0.6845743452840832,31.542565471591676,57.92880258899677,56.957928802588995,71.19741100323624,64.40129449838187,78.64077669902912,31.06796116504854,63.1,Medium-high
2023,USA,Frozen mackerel,28679100.0,10890295.0,28,2.633454832949888,31750030.0,11700537.0,2.7135532326422283,-9.672211333343622,-6.924827467320517,-2.9517902478864246,0.6802176149181809,31.97823850818191,56.63430420711975,55.663430420711975,27.831715210355988,31.3915857605178,26.537216828478964,33.00970873786408,40.0,Medium
2024,USA,Frozen mackerel,31856765.0,11530369.0,27,2.7628573725611036,28679100.0,10890295.0,2.633454832949888,11.080072247734412,5.877471638738895,4.913793773567936,0.7451925203328085,25.480747966719154,57.60517799352751,57.28155339805825,69.25566343042071,67.63754045307444,67.63754045307444,24.919093851132686,61.8,Medium-high
2020,USA,Frozen shrimp/prawns,4874651299.0,565007174.0,43,8.627591866647697,,,,0.0,0.0,0.0,0.41474613525992027,58.52538647400798,97.41100323624595,98.38187702265373,49.676375404530745,50.970873786407765,44.82200647249191,64.07766990291263,69.5,Medium-high
2021,USA,Frozen shrimp/prawns,6357518585.0,692442797.0,43,9.181290660461588,4874651299.0,565007174.0,8.627591866647697,30.41996637388606,22.554691137426158,6.417767580712355,0.4228910589964087,57.71089410035912,99.02912621359224,100.0,81.87702265372168,78.31715210355988,71.19741100323624,63.10679611650486,86.2,High
2022,USA,Frozen shrimp/prawns,5988132765.0,621265954.0,41,9.638597973131487,6357518585.0,692442797.0,9.181290660461588,-5.810220057736568,-10.279093566771552,4.98086085695176,0.38942352758606547,61.057647241393454,98.70550161812298,99.67637540453075,32.362459546925564,28.802588996763756,67.96116504854369,69.57928802588997,63.8,Medium-high
2023,USA,Frozen shrimp/prawns,4902605877.0,603248111.0,33,8.12701405541575,5988132765.0,621265954.0,9.638597973131487,-18.12796961257755,-2.9001819404383458,-15.682611951752968,0.3923020679722487,60.76979320277513,98.05825242718447,98.70550161812298,21.035598705501616,36.24595469255664,9.06148867313916,68.28478964401295,56.2,Medium-high
2024,USA,Frozen shrimp/prawns,4647505120.0,581783907.0,33,7.988370018629615,4902605877.0,603248111.0,8.12701405541575,-5.203370684899948,-3.5581054641711094,-1.7059652640042322,0.40655146195944375,59.34485380405563,97.73462783171522,98.05825242718447,32.68608414239482,35.92233009708738,28.802588996763756,65.37216828478964,60.7,Medium-high
2020,USA,Frozen yellowfin tuna,21969941.0,2172771.0,13,10.111484827439247,,,,0.0,0.0,0.0,0.5964246330930065,40.35753669069935,33.980582524271846,50.80906148867314,49.676375404530745,50.970873786407765,44.82200647249191,41.74757281553398,46.1,Medium
2021,USA,Frozen yellowfin tuna,52047536.0,5000650.0,15,10.408154139961805,21969941.0,2172771.0,10.111484827439247,136.9033945061573,130.15080742517273,2.9339836590319113,0.5918187942653039,40.818120573469606,46.92556634304207,59.8705501618123,93.85113268608414,94.1747572815534,62.45954692556634,43.042071197411005,72.1,Medium-high
2022,USA,Frozen yellowfin tuna,103463075.0,7818153.0,12,13.233697907932987,52047536.0,5000650.0,10.408154139961805,98.78573118235606,56.34273544439223,27.147405101569245,0.6534336138762549,34.656638612374515,51.7799352750809,70.22653721682848,92.55663430420712,88.3495145631068,90.93851132686083,35.275080906148865,76.1,High
2023,USA,Frozen yellowfin tuna,43315559.0,4096584.0,9,10.57358008526128,103463075.0,7818153.0,13.233697907932987,-58.13428220647802,-47.60163941534529,-20.101092235731702,0.6381858075524317,36.18141924475683,43.689320388349515,57.92880258899677,5.825242718446602,8.090614886731391,7.119741100323624,36.89320388349515,26.0,Low
2024,USA,Frozen yellowfin tuna,30726725.0,3356830.0,12,9.15349451714862,43315559.0,4096584.0,10.57358008526128,-29.06307638786331,-18.05782573968946,-13.430508462239258,0.6837962718122417,31.620372818775834,41.42394822006473,56.63430420711975,13.268608414239482,20.06472491909385,11.003236245954692,31.715210355987054,29.6,Low
2020,United Arab Emirates,Frozen Atlantic salmon,7466462.627,1468157.41,7,5.085600887305402,,,,0.0,0.0,0.0,0.649610142085293,35.0389857914707,26.860841423948216,32.68608414239482,49.676375404530745,50.970873786407765,44.82200647249191,35.92233009708738,40.8,Medium
2021,United Arab Emirates,Frozen Atlantic salmon,11965641.635,2062529.24,5,5.8014409701168645,7466462.627,1468157.41,5.085600887305402,60.258508382941635,40.484203257197066,14.07582110106854,0.6815797741380377,31.84202258619623,32.68608414239482,39.482200647249186,88.67313915857605,84.46601941747572,82.84789644012946,32.68608414239482,63.4,Medium-high
2022,United Arab Emirates,Frozen Atlantic salmon,20953312.531,2664178.6,10,7.864830282399235,11965641.635,2062529.24,5.8014409701168645,75.11231883888857,29.170464511814636,35.566841460782896,0.7616682134334744,23.833178656652564,38.18770226537217,49.19093851132686,89.64401294498381,80.2588996763754,93.52750809061489,24.271844660194176,66.5,Medium-high
2023,United Arab Emirates,Frozen Atlantic salmon,21660823.549000002,2762730.8200000003,9,7.840366999272119,20953312.531,2664178.6,7.864830282399235,3.376607001653103,3.6991596584403235,-0.31104654835162676,0.6011714540097055,39.88285459902945,38.83495145631068,49.51456310679612,64.72491909385113,65.69579288025889,32.362459546925564,40.45307443365696,52.2,Medium
2020,United Arab Emirates,Frozen hake,56236.334,27840.0,2,2.019983261494253,,,,0.0,0.0,0.0,0.9525249636649501,4.747503633504991,6.472491909385113,5.825242718446602,49.676375404530745,50.970873786407765,44.82200647249191,9.06148867313916,30.0,Low
2021,United Arab Emirates,Frozen hake,211548.612,124418.0,2,1.7003055184941085,56236.334,27840.0,2.019983261494253,196.8488676835987,161.03728604905345,-15.825761980011032,0.9135394043615848,8.646059563841524,11.003236245954692,9.385113268608414,97.57281553398059,97.57281553398059,8.737864077669903,12.944983818770226,49.5,Medium
2023,United Arab Emirates,Frozen hake,13008.277,1300.0,1,10.006366923076923,211548.612,124418.0,1.7003055184941085,-59.72409919783866,-64.40539809602133,51.6186715232344,1.0,0.0,1.9417475728155338,2.912621359223301,2.750809061488673,2.750809061488673,97.57281553398059,2.912621359223301,12.1,Low
2020,United Arab Emirates,Frozen mackerel,2391125.167,1598286.55,15,1.496055364415098,,,,0.0,0.0,0.0,0.6107569817569487,38.92430182430513,29.773462783171524,22.330097087378643,49.676375404530745,50.970873786407765,44.82200647249191,40.1294498381877,39.5,Medium
2021,United Arab Emirates,Frozen mackerel,2779330.7019999996,1353561.0,16,2.0533472093241456,2391125.167,1598286.55,1.496055364415098,16.23526615660433,-15.311744317688216,37.25075008349894,0.5045545544439498,49.54454455560502,25.24271844660194,23.624595469255663,73.13915857605178,23.948220064724918,94.49838187702265,52.42718446601942,44.9,Medium
2022,United Arab Emirates,Frozen mackerel,3660514.242,1784860.56,17,2.0508684678426645,2779330.7019999996,1353561.0,2.0533472093241456,31.704882739067465,31.86406523237594,-0.12071711351228104,0.3230859706623701,67.69140293376299,30.74433656957929,25.24271844660194,82.52427184466019,80.90614886731392,33.33333333333333,77.99352750809061,55.2,Medium-high
2023,United Arab Emirates,Frozen mackerel,4116507.786,2184809.5,15,1.884149526995374,3660514.242,1784860.56,2.0508684678426645,12.45708973804888,22.407853530025893,-8.129187388729237,0.3273077771363166,67.26922228636833,34.3042071197411,26.860841423948216,70.55016181229773,77.99352750809061,17.475728155339805,77.34627831715211,51.1,Medium
2020,United Arab Emirates,Frozen shrimp/prawns,80428910.149,17113853.13,41,4.699637745985495,,,,0.0,0.0,0.0,0.26872553309450414,73.12744669054958,62.13592233009708,65.69579288025889,49.676375404530745,50.970873786407765,44.82200647249191,87.05501618122977,57.0,Medium-high
2021,United Arab Emirates,Frozen shrimp/prawns,237706537.808,46915756.16,33,5.066667517780876,80428910.149,17113853.13,4.699637745985495,195.54862470178014,161.03728604905345,7.80974601944381,0.5617008985796031,43.82991014203969,76.05177993527508,88.67313915857605,94.8220064724919,97.57281553398059,75.08090614886731,44.983818770226534,85.9,High
2022,United Arab Emirates,Frozen shrimp/prawns,234348172.64699998,47480973.26,35,4.935622767539706,237706537.808,46915756.16,5.066667517780876,-1.4128198542492876,1.2047489932218147,-2.586409109760678,0.5335145841667417,46.64854158332583,76.37540453074433,88.3495145631068,37.54045307443366,63.75404530744336,27.184466019417474,48.86731391585761,60.2,Medium-high
2023,United Arab Emirates,Frozen shrimp/prawns,187469353.977,44698521.52,39,4.194084001036104,234348172.64699998,47480973.26,4.935622767539706,-20.0039190152397,-5.860140491989559,-15.02421885603794,0.5793310529374557,42.06689470625443,75.08090614886731,85.76051779935275,20.388349514563107,33.33333333333333,9.70873786407767,44.01294498381877,47.1,Medium
2020,United Arab Emirates,Frozen yellowfin tuna,9493611.401,5295387.6,7,1.7928076503786052,,,,0.0,0.0,0.0,0.9238924906991777,7.610750930082233,47.57281553398058,35.92233009708738,49.676375404530745,50.970873786407765,44.82200647249191,12.297734627831716,44.4,Medium
2021,United Arab Emirates,Frozen yellowfin tuna,6480657.156,3385414.93,6,1.914287403464603,9493611.401,5295387.6,1.7928076503786052,-31.73665023494256,-36.06860940642002,6.775950172922543,0.9173960761827408,8.260392381725923,41.74757281553398,31.3915857605178,11.974110032362459,11.650485436893204,72.49190938511327,12.62135922330097,27.8,Low
2022,United Arab Emirates,Frozen yellowfin tuna,5697366.518,2774574.74,7,2.053419731630657,6480657.156,3385414.93,1.914287403464603,-12.086592750471373,-18.043288714391057,7.2681002818199145,0.9390169284524166,6.098307154758342,39.15857605177994,30.74433656957929,25.88996763754045,20.388349514563107,74.11003236245955,10.355987055016183,32.5,Low
2023,United Arab Emirates,Frozen yellowfin tuna,16961954.402,7204614.5,5,2.3543181112604983,5697366.518,2774574.74,2.053419731630657,196.8488676835987,159.66554067309067,14.65352528734555,0.8596379469267247,14.036205307327531,50.80906148867314,44.983818770226534,97.57281553398059,94.8220064724919,83.49514563106796,16.50485436893204,71.7,Medium-high
2020,United Kingdom,Frozen Atlantic salmon,884970.843,104221.0,6,8.491291035395937,,,,0.0,0.0,0.0,0.3218749456585204,67.81250543414797,10.355987055016183,15.210355987055015,49.676375404530745,50.970873786407765,44.82200647249191,78.31715210355988,36.1,Medium
2021,United Kingdom,Frozen Atlantic salmon,1684610.167,223316.0,7,7.54361607318777,884970.843,104221.0,8.491291035395937,90.35770277914116,114.27159593556001,-11.160552126382024,0.5970643877753589,40.29356122246411,14.886731391585762,20.711974110032365,91.58576051779936,93.52750809061489,12.944983818770226,41.10032362459547,52.1,Medium
2022,United Kingdom,Frozen Atlantic salmon,1529986.557,303931.0,8,5.033993100407659,1684610.167,223316.0,7.54361607318777,-9.17859888471158,36.09907037561124,-23.98566317396232,0.33161685027798576,66.83831497220143,16.181229773462782,20.06472491909385,28.802588996763756,82.84789644012946,2.750809061488673,76.37540453074433,35.1,Medium
2023,United Kingdom,Frozen Atlantic salmon,4565136.556,396797.0,7,11.50496741658833,1529986.557,303931.0,5.033993100407659,196.8488676835987,30.554961487969308,51.6186715232344,0.5852329130195684,41.47670869804316,18.77022653721683,28.478964401294498,97.57281553398059,80.58252427184466,97.57281553398059,43.689320388349515,61.9,Medium-high
2024,United Kingdom,Frozen Atlantic salmon,2116645.5760000004,336239.0,4,6.29506266673408,4565136.556,396797.0,11.50496741658833,-53.634561638291544,-15.261708127833629,-23.98566317396232,0.6719190790021994,32.80809209978006,18.446601941747574,21.35922330097087,6.472491909385113,24.271844660194176,2.750809061488673,33.65695792880259,16.4,Low
2020,United Kingdom,Frozen hake,2639066.371,1098515.0,11,2.402394478910165,,,,0.0,0.0,0.0,0.5264846948405907,47.35153051594093,23.624595469255663,22.97734627831715,49.676375404530745,50.970873786407765,44.82200647249191,49.83818770226537,38.9,Medium
2021,United Kingdom,Frozen hake,2177929.235,944365.0,8,2.306236714617759,2639066.371,1098515.0,2.402394478910165,-17.473495212826535,-14.032580347104956,-4.0025801397956755,0.5193167522727157,48.06832477272843,22.97734627831715,21.68284789644013,22.006472491909385,24.919093851132686,24.271844660194176,51.1326860841424,24.4,Low
2022,United Kingdom,Frozen hake,3151532.702,1263946.0,14,2.4934077104559846,2177929.235,944365.0,2.306236714617759,44.70317269054889,33.84083484669593,8.11586228993184,0.46710514095753786,53.28948590424621,24.919093851132686,24.271844660194176,85.43689320388349,81.55339805825243,75.72815533980582,57.60517799352751,58.0,Medium-high
2023,United Kingdom,Frozen hake,4990969.284,1949686.0,16,2.5598836345955194,3151532.702,1263946.0,2.4934077104559846,58.36641266113697,54.25390008750374,2.6660671602470454,0.4064517141997302,59.35482858002699,31.3915857605178,29.449838187702266,88.3495145631068,88.02588996763754,61.48867313915858,65.69579288025889,61.3,Medium-high
2024,United Kingdom,Frozen hake,3788593.465,1528985.0,12,2.4778486806606996,4990969.284,1949686.0,2.5598836345955194,-24.09102822681287,-21.577884849150067,-3.2046360555674975,0.34375823324184507,65.62417667581549,28.155339805825243,26.21359223300971,16.181229773462782,18.12297734627832,25.88996763754045,75.40453074433657,24.9,Low
2020,United Kingdom,Frozen mackerel,3668280.343,2646897.0,8,1.3858795196790807,,,,0.0,0.0,0.0,0.749543029677871,25.0456970322129,37.54045307443366,25.5663430420712,49.676375404530745,50.970873786407765,44.82200647249191,24.59546925566343,40.9,Medium
2021,United Kingdom,Frozen mackerel,4928859.551,3087583.0,9,1.5963488434157074,3668280.343,2646897.0,1.3858795196790807,34.36430943467835,16.649155596156557,15.186697021496043,0.7422213019354099,25.77786980645901,40.1294498381877,28.802588996763756,83.49514563106796,76.37540453074433,84.78964401294499,25.24271844660194,59.7,Medium-high
2022,United Kingdom,Frozen mackerel,4347195.656,2258891.0,18,1.9244822596575046,4928859.551,3087583.0,1.5963488434157074,-11.801186237534152,-26.8395052052042,20.55524502649999,0.8177081197377788,18.229188026222122,35.275080906148865,27.831715210355988,26.537216828478964,15.210355987055015,88.02588996763754,20.06472491909385,32.1,Low
2023,United Kingdom,Frozen mackerel,8117005.776999999,4267241.0,15,1.9021671794492037,4347195.656,2258891.0,1.9244822596575046,86.7182068466807,88.90867244147681,-1.1595368102937118,0.6837663639129871,31.623363608701293,44.66019417475729,34.3042071197411,90.61488673139159,92.55663430420712,30.74433656957929,32.038834951456316,61.6,Medium-high
2024,United Kingdom,Frozen mackerel,8186020.397,4028736.0,17,2.0319078730897235,8117005.776999999,4267241.0,1.9021671794492037,0.850247269695901,-5.589208577626621,6.820677753365922,0.7242799208236569,27.572007917634313,43.042071197411005,34.627831715210355,62.13592233009708,34.3042071197411,72.81553398058253,27.831715210355988,46.6,Medium
2020,United Kingdom,Frozen shrimp/prawns,401259349.24,40084432.0,29,10.010353876038458,,,,0.0,0.0,0.0,0.26727256244154096,73.27274375584591,73.13915857605178,91.9093851132686,49.676375404530745,50.970873786407765,44.82200647249191,87.70226537216828,64.5,Medium-high
2021,United Kingdom,Frozen shrimp/prawns,467658703.91999996,46147737.0,31,10.13394663144587,401259349.24,40084432.0,10.010353876038458,16.547740209857484,15.126333834542049,1.2346492135832745,0.28064253315907794,71.93574668409221,75.72815533980582,93.20388349514563,73.46278317152104,75.08090614886731,58.57605177993528,85.76051779935275,77.3,High
2022,United Kingdom,Frozen shrimp/prawns,428124861.78400004,40946692.0,45,10.455664203203522,467658703.91999996,46147737.0,10.13394663144587,-8.45356705747591,-11.270422642826452,3.174652319160191,0.29521317520860546,70.47868247913945,73.46278317152104,92.55663430420712,30.097087378640776,27.831715210355988,63.75404530744336,83.1715210355987,56.8,Medium-high
2023,United Kingdom,Frozen shrimp/prawns,387666364.13,41439720.993,47,9.354946289225369,428124861.78400004,40946692.0,10.455664203203522,-9.450163086864222,1.2040752718192735,-10.527479580311148,0.3046096642070312,69.53903357929687,74.11003236245955,91.58576051779936,28.155339805825243,63.43042071197411,14.563106796116504,81.22977346278317,58.4,Medium-high
2024,United Kingdom,Frozen shrimp/prawns,402802215.162,44878961.0,38,8.97530170455595,387666364.13,41439720.993,9.354946289225369,3.9043498308056335,8.299380219236891,-4.058223029101493,0.2301290143047478,76.98709856952522,75.40453074433657,92.23300970873787,65.69579288025889,69.57928802588997,23.948220064724918,93.85113268608414,71.0,Medium-high
2020,United Kingdom,Frozen yellowfin tuna,3750832.1920000003,312435.0,9,12.005160087698242,,,,0.0,0.0,0.0,0.8663717321001386,13.362826789986137,17.15210355987055,25.88996763754045,49.676375404530745,50.970873786407765,44.82200647249191,16.181229773462782,36.5,Medium
2021,United Kingdom,Frozen yellowfin tuna,1815079.9430000002,151022.0,9,12.018645912516059,3750832.1920000003,312435.0,12.005160087698242,-51.608607101343765,-51.66290588442396,0.11233356922608562,0.767136149220288,23.286385077971193,11.974110032362459,21.035598705501616,7.119741100323624,7.119741100323624,56.310679611650485,23.624595469255663,16.6,Low
2022,United Kingdom,Frozen yellowfin tuna,190616.897,36269.0,11,5.255642477046513,1815079.9430000002,151022.0,12.018645912516059,-59.72409919783866,-64.40539809602133,-23.98566317396232,0.23773935423993392,76.2260645760066,7.766990291262135,8.737864077669903,2.750809061488673,2.750809061488673,2.750809061488673,92.23300970873787,9.4,Low
2023,United Kingdom,Frozen yellowfin tuna,218607.20200000002,52887.0,5,4.133477073761038,190616.897,36269.0,5.255642477046513,14.684062871928935,45.8187432793846,-21.351631283642654,0.4743685937666408,52.56314062333591,8.737864077669903,9.70873786407767,72.168284789644,86.08414239482201,6.472491909385113,57.28155339805825,42.5,Medium
2024,United Kingdom,Frozen yellowfin tuna,192014.28000000003,44477.0,7,4.317158981046384,218607.20200000002,52887.0,4.133477073761038,-12.164705351290298,-15.901828426645489,4.443762575855148,0.4934244838456806,50.65755161543194,8.414239482200648,9.06148867313916,25.5663430420712,22.653721682847898,66.99029126213593,53.398058252427184,23.8,Low
2020,Viet Nam,Frozen Atlantic salmon,25961896.192,4323433.138,16,6.004926030615071,,,,0.0,0.0,0.0,0.6627596869177097,33.72403130822903,45.307443365695796,54.36893203883495,49.676375404530745,50.970873786407765,44.82200647249191,34.627831715210355,48.8,Medium
2021,Viet Nam,Frozen Atlantic salmon,20122398.718000002,3191431.822,10,6.305131940869643,25961896.192,4323433.138,6.004926030615071,-22.49256922843488,-26.182926388996002,4.999327364300986,0.6901896841740137,30.98103158259863,40.45307443365696,48.22006472491909,17.79935275080906,15.857605177993527,68.28478964401295,30.42071197411003,33.7,Low
2022,Viet Nam,Frozen Atlantic salmon,16312505.693,2132169.912,12,7.650659359365353,20122398.718000002,3191431.822,6.305131940869643,-18.93359275100714,-33.190804913895484,21.340194481483383,0.5508080710651128,44.91919289348873,33.00970873786408,43.689320388349515,20.711974110032365,13.268608414239482,88.67313915857605,46.601941747572816,34.4,Low
2023,Viet Nam,Frozen Atlantic salmon,16872744.029,2021371.41,12,8.347176548321716,16312505.693,2132169.912,7.650659359365353,3.4344100565764575,-5.196513719493857,9.104015173590764,0.3551572819276129,64.4842718072387,32.362459546925564,44.66019417475729,65.0485436893204,34.627831715210355,77.02265372168284,73.7864077669903,50.0,Medium
2020,Viet Nam,Frozen hake,1356240.234,612158.105,4,2.215506456457029,,,,0.0,0.0,0.0,0.9354258693965276,6.457413060347239,21.035598705501616,17.79935275080906,49.676375404530745,50.970873786407765,44.82200647249191,10.679611650485436,35.4,Medium
2021,Viet Nam,Frozen hake,987758.571,515855.203,4,1.9147981163233514,1356240.234,612158.105,2.215506456457029,-27.169350514932443,-15.73170414855489,-13.572893875225322,0.3911171326095231,60.88828673904769,20.06472491909385,15.857605177993527,14.886731391585762,23.300970873786408,10.679611650485436,68.93203883495146,20.1,Low
2023,Viet Nam,Frozen hake,310256.65,136933.09,3,2.265753661149398,987758.571,515855.203,1.9147981163233514,-59.72409919783866,-64.40539809602133,18.32859254634763,0.530844866661198,46.9155133338802,11.326860841423949,10.679611650485436,2.750809061488673,2.750809061488673,86.73139158576052,49.19093851132686,16.8,Low
2020,Viet Nam,Frozen mackerel,121643718.927,65862343.779,11,1.8469388112754304,,,,0.0,0.0,0.0,0.4356780477815258,56.432195221847415,80.58252427184466,74.75728155339806,49.676375404530745,50.970873786407765,44.82200647249191,61.165048543689316,61.2,Medium-high
2021,Viet Nam,Frozen mackerel,158609451.933,89616643.042,7,1.769866026544485,121643718.927,65862343.779,1.8469388112754304,30.388525878745636,36.06658661086698,-4.173001523408436,0.49075796280968664,50.92420371903133,87.70226537216828,80.58252427184466,81.55339805825243,82.52427184466019,23.300970873786408,54.36893203883495,75.6,High
2022,Viet Nam,Frozen mackerel,149169449.68600002,75594748.921,9,1.9732779302156154,158609451.933,89616643.042,1.769866026544485,-5.951727423525577,-15.646529087714711,11.493067871825026,0.48027184175315624,51.97281582468438,84.78964401294499,78.31715210355988,32.038834951456316,23.624595469255663,79.93527508090615,56.957928802588995,56.2,Medium-high
2023,Viet Nam,Frozen mackerel,157780641.938,79069283.464,8,1.9954732738894367,149169449.68600002,75594748.921,1.9732779302156154,5.772758611181066,4.596264413327235,1.124795617178779,0.5225150256290371,47.74849743709629,86.08414239482201,80.2588996763754,67.31391585760518,66.01941747572816,57.92880258899677,50.80906148867314,71.6,Medium-high
2020,Viet Nam,Frozen shrimp/prawns,265594127.046,31129694.398,21,8.531857834847994,,,,0.0,0.0,0.0,0.7146291688035973,28.537083119640272,69.90291262135922,89.32038834951457,49.676375404530745,50.970873786407765,44.82200647249191,28.478964401294498,60.4,Medium-high
2021,Viet Nam,Frozen shrimp/prawns,347368439.921,39022527.616000004,22,8.901741151656514,265594127.046,31129694.398,8.531857834847994,30.789202225408008,25.354676204296755,4.335319738893779,0.765883006062683,23.4116993937317,72.81553398058253,90.29126213592234,82.20064724919094,79.28802588996764,66.66666666666666,23.948220064724918,76.9,High
2022,Viet Nam,Frozen shrimp/prawns,485375245.082,52912902.199,20,9.173098146394493,347368439.921,39022527.616000004,8.901741151656514,39.729229630759235,35.595783850005326,3.04835863136148,0.6213431770692176,37.86568229307824,78.64077669902912,93.52750809061489,84.78964401294499,82.20064724919094,63.10679611650486,39.15857605177994,80.3,High
2023,Viet Nam,Frozen shrimp/prawns,361498341.773,44318110.108,19,8.156898859000416,485375245.082,52912902.199,9.173098146394493,-25.521883236561038,-16.24328232587936,-11.07803787963935,0.7349506448105197,26.504935518948024,74.75728155339806,90.61488673139159,15.857605177993527,22.330097087378643,13.592233009708737,27.184466019417474,44.2,Medium
2020,Viet Nam,Frozen yellowfin tuna,78372072.731,31035869.864,21,2.525209477756818,,,,0.0,0.0,0.0,0.2826762048394445,71.73237951605556,69.57928802588997,65.0485436893204,49.676375404530745,50.970873786407765,44.82200647249191,85.11326860841424,58.3,Medium-high
2021,Viet Nam,Frozen yellowfin tuna,114847271.931,49805765.966,13,2.3059031359823017,78372072.731,31035869.864,2.525209477756818,46.54106740955475,60.478073223821916,-8.684679180331978,0.3504031813849076,64.95968186150924,77.34627831715211,72.81553398058253,86.40776699029125,88.9967637540453,16.181229773462782,75.08090614886731,74.8,Medium-high
2022,Viet Nam,Frozen yellowfin tuna,159371983.33200002,68978748.297,14,2.3104504976778677,114847271.931,49805765.966,2.3059031359823017,38.768627806632075,38.49550741592546,0.1972052348863679,0.2844519506013924,71.55480493986076,82.52427184466019,80.90614886731392,84.46601941747572,83.49514563106796,56.957928802588995,84.78964401294499,80.4,High
2023,Viet Nam,Frozen yellowfin tuna,134576711.406,48690230.433,17,2.7639366297759413,159371983.33200002,68978748.297,2.3104504976778677,-15.558112164763047,-29.4127080657426,19.627606501582815,0.2516783852951985,74.83216147048014,77.02265372168284,76.69902912621359,23.948220064724918,14.563106796116504,87.37864077669903,88.9967637540453,52.8,Medium
